Date,  Price  ,  Open  ,  High  ,  Low  ,  Vol  ,Change,direction,mavg
2023-09-29,15550,15800,16150,15550,12.38,-0.01,Decreasing,15600
2023-09-28,15750,15500,16050,15300,20.77,0.02,Increasing,15675
2023-09-27,15500,15250,15500,14500,30.5,0.02,Increasing,15616.66667
2023-09-26,15150,15800,16500,15150,33.77,-0.06,Decreasing,15500
2023-09-25,16200,17200,17600,16200,28.12,-0.07,Decreasing,15640
2023-09-22,17400,17700,17800,16950,36.48,-0.04,Decreasing,15933.33333
2023-09-21,18200,18750,19150,18000,30.13,-0.02,Decreasing,16257.14286
2023-09-20,18500,17200,18500,16600,40.16,0.07,Increasing,16537.5
2023-09-19,17300,18250,18450,17050,54.72,-0.05,Decreasing,16750
2023-09-18,18150,18900,18900,18050,28.32,-0.04,Decreasing,17050
2023-09-15,18900,19000,19250,18650,26.73,0.01,Increasing,17475
2023-09-14,18700,19600,19800,18600,76.98,-0.06,Decreasing,17918.75
2023-09-13,19950,21000,21100,19500,77.13,-0.05,Decreasing,18387.5
2023-09-12,20950,20150,20950,19650,57.21,0.02,Increasing,18831.25
2023-09-11,20500,22050,22200,20500,71.69,-0.07,Decreasing,19118.75
2023-09-08,22000,21600,22250,21400,52.61,0.02,Increasing,19556.25
2023-09-07,21600,22000,22150,21500,44.46,-0.01,Decreasing,20093.75
2023-09-06,21800,21300,21800,21000,46.22,0.02,Increasing,20550
2023-09-05,21400,20900,21700,20800,53.91,0.05,Increasing,20862.5
2023-08-31,20450,20100,20500,20000,36.64,0.02,Increasing,21081.25
2023-08-30,20050,20500,20600,19500,67.19,-0.01,Decreasing,21093.75
2023-08-29,20350,20200,21050,20100,40.37,0.02,Increasing,21018.75
2023-08-28,20000,19600,20100,19350,33.67,0.03,Increasing,20956.25
2023-08-25,19400,19800,20000,19300,33.52,-0.02,Decreasing,20631.25
2023-08-24,19800,18800,19950,18550,40.9,0.06,Increasing,20406.25
2023-08-23,18700,18800,19250,18550,29.6,0.01,Increasing,20018.75
2023-08-22,18500,18550,18900,17300,45.88,0,Decreasing,19656.25
2023-08-21,18500,18800,19100,18050,46.79,-0.04,Decreasing,19412.5
2023-08-18,19250,20450,20500,19250,73.13,-0.07,Decreasing,19312.5
2023-08-17,20650,20500,21150,20500,40.74,0,Decreasing,19350
2023-08-16,20650,20650,20900,20300,40.99,0,Decreasing,19431.25
2023-08-15,20750,21300,21400,20600,49.32,-0.02,Decreasing,19600
2023-08-14,21250,21200,21700,21050,44.64,0.02,Increasing,19781.25
2023-08-11,20900,20850,20950,20050,39.74,0.01,Increasing,20056.25
2023-08-10,20600,19900,21100,19900,61.8,0.04,Increasing,20318.75
2023-08-09,19900,20050,20300,19750,44.74,-0.02,Decreasing,20493.75
2023-08-08,20350,20500,20700,20050,44.21,0.01,Increasing,20631.25
2023-08-07,20200,20300,20700,19800,44.45,0.02,Increasing,20575
2023-08-04,19800,19550,19800,19050,79.62,0.07,Increasing,20468.75
2023-08-03,18550,18350,18600,18050,42.86,0.01,Increasing,20193.75
2023-08-02,18350,17750,18500,17700,43.28,0.03,Increasing,19831.25
2023-08-01,17800,18850,18900,17800,53.14,-0.06,Decreasing,19443.75
2023-07-31,18850,18150,18850,17700,56.59,0.03,Increasing,19225
2023-07-28,18350,17850,18900,17650,70.87,0.03,Increasing,19031.25
2023-07-27,17850,17300,18150,17200,71.12,0.04,Increasing,18718.75
2023-07-26,17200,16250,17200,16050,73.23,0.06,Increasing,18343.75
2023-07-25,16200,16500,16900,16050,42.47,0,Decreasing,17893.75
2023-07-24,16200,15400,16200,15400,95.94,0.07,Increasing,17600
2023-07-21,15150,14800,15200,14700,34.69,0.02,Increasing,17200
2023-07-20,14800,14700,14900,14600,16.99,0.01,Increasing,16825
2023-07-19,14700,15100,15200,14650,34.69,-0.02,Decreasing,16306.25
2023-07-18,15050,15200,15250,14850,28.46,-0.02,Decreasing,15893.75
2023-07-17,15350,15300,15500,15100,36.93,0.01,Increasing,15581.25
2023-07-14,15150,15050,15350,14900,43.04,0.01,Increasing,15325
2023-07-13,14950,14700,15150,14600,30.51,0.02,Increasing,15168.75
2023-07-12,14600,14800,14850,14450,21.67,-0.01,Decreasing,14968.75
2023-07-11,14700,15000,15050,14650,17.74,-0.01,Decreasing,14912.5
2023-07-10,14900,14600,15100,14500,27.53,0.03,Increasing,14925
2023-07-07,14500,14250,14550,14250,19.48,0.01,Increasing,14900
2023-07-06,14400,14700,14750,14200,23.89,-0.02,Decreasing,14818.75
2023-07-05,14700,15000,15100,14700,24.05,-0.01,Decreasing,14737.5
2023-07-04,14850,14550,14850,14350,23.18,0.02,Increasing,14700
2023-07-03,14550,15000,15050,14500,30.11,-0.02,Decreasing,14650
2023-06-30,14850,15000,15250,14850,27.93,-0.01,Decreasing,14681.25
2023-06-29,15000,15800,15800,15000,39.22,-0.04,Decreasing,14718.75
2023-06-28,15600,15350,15850,15150,70.79,0.04,Increasing,14806.25
2023-06-27,15000,15000,15350,14850,31.02,0.01,Increasing,14868.75
2023-06-26,14900,14650,15200,14450,50.45,0.03,Increasing,14931.25
2023-06-23,14500,14800,14850,14300,31.11,-0.01,Decreasing,14906.25
2023-06-22,14650,14550,15000,14500,29.99,0.01,Increasing,14881.25
2023-06-21,14500,14600,14600,14250,28.74,0,Decreasing,14875
2023-06-20,14500,14050,14550,14000,23.52,0.04,Increasing,14831.25
2023-06-19,14000,14900,15000,14000,67.22,-0.06,Decreasing,14706.25
2023-06-16,14900,15450,15600,14800,51.56,-0.02,Decreasing,14618.75
2023-06-15,15250,15200,15450,15050,32.79,0,Increasing,14650
2023-06-14,15200,15600,15850,15200,38.8,-0.03,Decreasing,14687.5
2023-06-13,15600,14700,15600,14450,77.65,0.07,Increasing,14825
2023-06-12,14600,14800,15000,14200,29.16,0,Decreasing,14818.75
2023-06-09,14600,14250,14700,14150,30.83,0.03,Increasing,14831.25
2023-06-08,14200,14800,15000,14200,35.67,-0.02,Decreasing,14793.75
2023-06-07,14550,13800,14550,13650,53.09,0.07,Increasing,14862.5
2023-06-06,13600,13500,13650,13400,14.49,0.01,Increasing,14700
2023-06-05,13500,14000,14050,13450,25.31,-0.03,Decreasing,14481.25
2023-06-02,13850,14100,14200,13750,24.19,0,Decreasing,14312.5
2023-06-01,13900,13550,13950,13500,30.65,0.03,Increasing,14100
2023-05-31,13500,13500,13800,13400,32.02,0.01,Increasing,13962.5
2023-05-30,13350,13200,13600,13150,28.17,0.02,Increasing,13806.25
2023-05-29,13050,13000,13250,12950,14.15,0.01,Increasing,13662.5
2023-05-26,12950,13200,13250,12750,20.14,-0.02,Decreasing,13462.5
2023-05-25,13200,13250,13350,13150,,0,Decreasing,13412.5
2023-05-24,13250,13350,13650,13250,18.89,0,Increasing,13381.25
2023-05-23,13200,13350,13450,13100,15.47,-0.01,Decreasing,13300
2023-05-22,13350,13400,13550,13250,12.2,0.01,Increasing,13231.25
2023-05-19,13200,13300,13350,13050,12.11,-0.01,Decreasing,13193.75
2023-05-18,13300,13350,13450,13200,,0,Decreasing,13187.5
2023-05-17,13300,13650,13700,13300,12.97,-0.03,Decreasing,13218.75
2023-05-16,13650,13550,13700,13400,10.89,0.01,Increasing,13306.25
2023-05-15,13500,14000,14100,13500,17.13,-0.01,Decreasing,13343.75
2023-05-12,13700,13900,13950,13700,18.55,-0.01,Decreasing,13400
2023-05-11,13800,13450,13950,13450,20.59,0.04,Increasing,13475
2023-05-10,13300,13150,13500,13100,13.98,0.02,Increasing,13468.75
2023-05-09,13000,13000,13250,12950,15.19,0,Increasing,13443.75
2023-05-08,12950,13500,13500,12950,38.22,-0.04,Decreasing,13400
2023-05-05,13550,13500,13550,13150,19.53,0,Decreasing,13431.25
2023-05-04,13550,13850,14000,13500,28.43,-0.05,Decreasing,13418.75
2023-04-28,14300,14400,14600,14150,19.53,0.01,Increasing,13518.75
2023-04-27,14100,13950,14400,13800,23.42,0.01,Increasing,13568.75
2023-04-26,13950,13700,14000,13500,11.14,0.01,Increasing,13587.5
2023-04-25,13750,14300,14350,13700,13.98,-0.02,Decreasing,13643.75
2023-04-24,14050,13700,14150,13200,22.01,0.03,Increasing,13775
2023-04-21,13600,14400,14450,13550,31.62,-0.06,Decreasing,13856.25
2023-04-20,14400,14550,14600,14300,11.35,-0.01,Decreasing,13962.5
2023-04-19,14550,15000,15350,14550,33.91,-0.02,Decreasing,14087.5
2023-04-18,14850,14900,15200,14350,26.45,0,Increasing,14156.25
2023-04-17,14800,14450,14800,14300,16.81,0.04,Increasing,14243.75
2023-04-14,14200,14550,14950,14150,33.87,-0.02,Decreasing,14275
2023-04-13,14500,15050,15050,14300,32.76,-0.04,Decreasing,14368.75
2023-04-12,15050,14800,15150,14500,51.45,0.06,Increasing,14493.75
2023-04-11,14200,13150,14200,12650,63.47,0.07,Increasing,14568.75
2023-04-10,13300,13650,13900,13250,23.84,-0.01,Decreasing,14431.25
2023-04-07,13400,13400,13500,13100,18.84,0.01,Increasing,14287.5
2023-04-06,13250,13250,13700,13050,47.11,0.03,Increasing,14087.5
2023-04-05,12850,12800,13300,12750,30.63,0.01,Increasing,13843.75
2023-04-04,12750,12900,12900,12650,16.61,-0.01,Decreasing,13662.5
2023-04-03,12850,12900,13250,12700,32.85,0.01,Increasing,13456.25
2023-03-31,12700,12950,12950,12650,,-0.01,Decreasing,13162.5
2023-03-30,12800,12750,13150,12600,21.98,0.02,Increasing,12987.5
2023-03-29,12550,12450,12750,12400,10.74,0,Decreasing,12893.75
2023-03-28,12600,12950,13300,12600,30.74,-0.01,Decreasing,12793.75
2023-03-27,12700,12300,12700,12100,24.34,0.07,Increasing,12725
2023-03-24,11900,11200,11900,11100,30.51,0.07,Increasing,12606.25
2023-03-23,11150,11000,11150,10900,,0,Increasing,12406.25
2023-03-22,11100,11250,11250,11050,,0,Increasing,12187.5
2023-03-21,11050,11250,11250,10900,,0,Decreasing,11981.25
2023-03-20,11100,11450,11500,11050,,-0.03,Decreasing,11768.75
2023-03-17,11500,11350,11500,11150,18.24,0.03,Increasing,11637.5
2023-03-16,11150,11100,11350,11050,,-0.02,Decreasing,11456.25
2023-03-15,11350,11000,11350,10900,15.17,0.06,Increasing,11287.5
2023-03-14,10700,11000,11150,10650,10.23,-0.03,Decreasing,11137.5
2023-03-13,11000,10650,11200,10600,14.77,0.03,Increasing,11118.75
2023-03-10,10650,10800,10900,10600,,-0.03,Decreasing,11062.5
2023-03-09,10950,11150,11200,10850,,-0.01,Decreasing,11050
2023-03-08,11050,10750,11150,10550,14.53,0.02,Increasing,11043.75
2023-03-07,10850,11400,11550,10800,15.78,-0.02,Decreasing,10962.5
2023-03-06,11050,11050,11050,11000,13.57,0.07,Increasing,10950
2023-03-03,10350,10600,10600,10150,,0,Decreasing,10825
2023-03-02,10350,10250,10650,10250,,0.01,Increasing,10781.25
2023-03-01,10250,10550,10600,10050,10.14,-0.03,Decreasing,10687.5
2023-02-28,10600,10900,11000,10600,,-0.01,Decreasing,10681.25
2023-02-27,10750,11600,11600,10750,14.18,-0.06,Decreasing,10656.25
2023-02-24,11400,11950,12100,11400,10.37,-0.03,Decreasing,10700
2023-02-23,11800,11800,11900,11200,16.25,-0.02,Decreasing,10818.75
2023-02-22,12000,12300,12550,12000,27.14,-0.07,Decreasing,10937.5
2023-02-21,12850,12950,13300,12750,27.96,0.03,Increasing,11250
2023-02-20,12450,11850,12450,11800,24.43,0.07,Increasing,11512.5
2023-02-17,11650,11600,12250,11200,23.5,0.01,Increasing,11687.5
2023-02-16,11500,11500,11500,11250,13.05,0.03,Increasing,11800
2023-02-15,11150,11150,11850,11150,51.76,-0.07,Decreasing,11850
2023-02-14,11950,11950,12300,11950,10.41,-0.07,Decreasing,11918.75
2023-02-13,12800,12800,13200,12800,19.94,-0.07,Decreasing,12043.75
2023-02-10,13750,14150,14200,13700,10.98,-0.03,Decreasing,12262.5
2023-02-09,14150,14350,14500,14000,,-0.01,Decreasing,12425
2023-02-08,14300,14800,14900,13900,13.71,-0.02,Decreasing,12656.25
2023-02-07,14600,15350,15600,14550,20.04,-0.05,Decreasing,13025
2023-02-06,15400,14900,15750,14600,19.86,0.03,Increasing,13512.5
2023-02-03,14950,14450,14950,14300,20.3,0.05,Increasing,13987.5
2023-02-02,14200,14850,14850,14050,11.46,-0.02,Decreasing,14268.75
2023-02-01,14550,14350,15150,14300,33.62,0.02,Increasing,14487.5
2023-01-31,14200,14300,14400,14050,10.53,0.02,Increasing,14543.75
2023-01-30,13950,13950,14450,13650,14.01,0,Decreasing,14518.75
2023-01-27,13950,14000,14300,13850,11.68,-0.01,Decreasing,14475
2023-01-19,14050,14150,14200,13950,12.47,-0.01,Decreasing,14406.25
2023-01-18,14150,14100,14250,14000,11.19,0.01,Increasing,14250
2023-01-17,14000,13900,14100,13700,10.05,0.03,Increasing,14131.25
2023-01-16,13650,14300,14350,13650,16.75,-0.05,Decreasing,14062.5
2023-01-13,14300,15200,15200,14250,14.47,-0.04,Decreasing,14031.25
2023-01-12,14950,15200,15700,14700,14.84,0,Increasing,14125
2023-01-11,14900,14100,14900,14050,27.73,0.07,Increasing,14243.75
2023-01-10,13950,14050,14150,13800,,0.01,Increasing,14243.75
2023-01-09,13850,13900,14250,13700,,0.02,Increasing,14218.75
2023-01-06,13600,13700,14400,13600,16.07,-0.01,Decreasing,14150
2023-01-05,13700,14000,14250,13500,13.92,-0.02,Decreasing,14112.5
2023-01-04,14000,14650,14700,14000,15.52,-0.04,Decreasing,14156.25
2023-01-03,14650,14000,14700,13850,12.2,0.05,Increasing,14200
2022-12-30,14000,14800,14900,14000,10.59,-0.04,Decreasing,14081.25
2022-12-29,14650,14050,15350,14050,21.57,0.02,Increasing,14050
2022-12-28,14350,14500,14600,13800,13.46,0,Decreasing,14100
2022-12-27,14400,13200,14400,13100,27.21,0.02,Increasing,14168.75
2022-12-26,14050,15200,15200,14050,12.06,-0.07,Decreasing,14225
2022-12-23,15100,15500,15900,15100,11.37,-0.03,Decreasing,14400
2022-12-22,15500,15200,15700,14200,29.79,0.02,Increasing,14587.5
2022-12-21,15200,16200,16600,15200,34.31,-0.07,Decreasing,14656.25
2022-12-20,16300,17250,17600,16300,36.93,-0.07,Decreasing,14943.75
2022-12-19,17500,18200,18900,17500,23.84,-0.04,Decreasing,15300
2022-12-16,18200,17300,18200,17300,20.39,0.02,Increasing,15781.25
2022-12-15,17900,18250,18600,17700,21.35,-0.03,Decreasing,16218.75
2022-12-14,18500,18700,19000,18200,19.28,0.02,Increasing,16775
2022-12-13,18200,19000,19000,17050,55.17,0.02,Increasing,17162.5
2022-12-12,17800,17800,17800,17800,,0.07,Increasing,17450
2022-12-09,16650,16650,17700,16650,56.12,-0.07,Decreasing,17631.25
2022-12-08,17900,17900,18900,17900,67.93,-0.07,Decreasing,17831.25
2022-12-07,19200,19200,19400,19200,23.23,-0.07,Decreasing,18043.75
2022-12-06,20600,21100,21200,20600,52.31,-0.07,Decreasing,18343.75
2022-12-05,22150,24000,24700,22150,60.54,-0.07,Decreasing,18875
2022-12-02,23800,23350,24050,22300,46.46,0.02,Increasing,19537.5
2022-12-01,23350,24900,24950,22000,74.95,0,Decreasing,20181.25
2022-11-30,23350,23350,23350,23000,23.24,0.07,Increasing,20875
2022-11-29,21850,21400,21850,21000,21.57,0.07,Increasing,21525
2022-11-28,20450,19050,21200,19050,104.2,0,Decreasing,21843.75
2022-11-25,20450,20450,20450,20450,,-0.07,Decreasing,22000
2022-11-24,21950,21950,21950,21950,,-0.07,Decreasing,22168.75
2022-11-23,23600,23600,25000,23600,29.72,-0.07,Decreasing,22350
2022-11-22,25350,25350,28300,25350,128.5,-0.07,Decreasing,22543.75
2022-11-21,27250,27250,27250,27250,630.9,-0.07,Decreasing,23031.25
2022-11-18,29250,29250,29250,29250,,-0.07,Decreasing,23768.75
2022-11-17,31400,31400,31400,31400,390.7,-0.07,Decreasing,24962.5
2022-11-16,33750,33750,33750,33750,176.4,-0.07,Decreasing,26625
2022-11-15,36250,36250,36250,36250,219.8,-0.07,Decreasing,28600
2022-11-14,38950,38950,38950,38950,29.3,-0.07,Decreasing,30725
2022-11-11,41850,41850,41850,41850,677.4,-0.07,Decreasing,33006.25
2022-11-10,44950,44950,44950,44950,331.6,-0.07,Decreasing,35456.25
2022-11-09,48300,48300,48300,48300,535.6,-0.07,Decreasing,38087.5
2022-11-08,51900,51900,51900,51900,349.4,-0.07,Decreasing,40918.75
2022-11-07,55800,55800,55800,55800,393.3,-0.07,Decreasing,43968.75
2022-11-04,59900,59900,59900,59900,337.7,-0.07,Decreasing,47237.5
2022-11-03,64400,68200,68200,64400,738.5,-0.07,Decreasing,50756.25
2022-11-02,69200,70000,70000,66000,,-0.01,Decreasing,54537.5
2022-11-01,70000,70900,71400,65600,,0,Decreasing,58056.25
2022-10-31,70000,71200,71900,67500,,-0.03,Decreasing,61187.5
2022-10-28,72500,73500,74000,72000,,-0.02,Decreasing,64212.5
2022-10-27,73900,74900,74900,73100,,-0.01,Decreasing,66962.5
2022-10-26,74500,75000,75300,73000,,-0.01,Decreasing,69300
2022-10-25,75000,74200,75000,70500,,0.01,Increasing,71187.5
2022-10-24,74400,73800,75000,72900,,-0.01,Decreasing,72437.5
2022-10-21,75000,75000,75000,73000,,0,Decreasing,73162.5
2022-10-20,75100,74200,75100,74000,,0,Increasing,73800
2022-10-19,75000,75000,75000,74000,912.9,0,Decreasing,74425
2022-10-18,75100,75000,75100,74000,,0,Increasing,74750
2022-10-17,75000,76000,76000,73000,,-0.01,Decreasing,74887.5
2022-10-14,76000,75000,76000,74000,,0.01,Increasing,75075
2022-10-13,75500,75000,75900,72800,,-0.01,Decreasing,75137.5
2022-10-12,76000,74000,78000,74000,,0.01,Increasing,75337.5
2022-10-11,75000,75800,75800,71100,,-0.02,Decreasing,75337.5
2022-10-10,76400,75400,78000,74900,,-0.03,Decreasing,75500
2022-10-07,79000,80100,80200,77400,,-0.02,Decreasing,76000
2022-10-06,80200,82000,82900,80100,,-0.02,Decreasing,76637.5
2022-10-05,82000,82000,82600,81300,,0,Decreasing,77512.5
2022-10-04,82000,82300,82900,81000,,0,Decreasing,78262.5
2022-10-03,82000,84000,85000,81000,,-0.03,Decreasing,79075
2022-09-30,84900,84900,85500,83900,,0,Increasing,80187.5
2022-09-29,84800,85000,85400,83900,,0.01,Increasing,81412.5
2022-09-28,84200,84500,84800,83000,,0,Decreasing,82387.5
2022-09-27,84500,84600,84900,84000,,0,Decreasing,83075
2022-09-26,84500,84500,84500,83800,,0,Decreasing,83612.5
2022-09-23,84500,84600,85200,83800,,0,Decreasing,83925
2022-09-22,84600,84000,84600,83200,,0,Decreasing,84250
2022-09-21,84600,84700,84700,84000,,0,Decreasing,84575
2022-09-20,84600,85000,85000,84000,,0,Decreasing,84537.5
2022-09-19,85000,86700,86800,84800,,-0.02,Decreasing,84562.5
2022-09-16,86400,85500,86400,84100,,0.01,Increasing,84837.5
2022-09-15,85300,83500,85500,83500,,0.02,Increasing,84937.5
2022-09-14,83500,83000,83900,82000,,0,Decreasing,84812.5
2022-09-13,83500,84000,84000,82900,,0,Decreasing,84687.5
2022-09-12,83900,84900,84900,83700,,-0.01,Decreasing,84600
2022-09-09,84700,85200,85300,83600,,0,Decreasing,84612.5
2022-09-08,85000,83800,86100,83000,,0.01,Increasing,84662.5
2022-09-07,83800,82500,83900,81700,,0.02,Increasing,84512.5
2022-09-06,82100,81000,82400,80800,,0.01,Increasing,83975
2022-09-05,81500,81100,82400,80800,,0,Decreasing,83500
2022-08-31,81900,82300,82900,81200,,0,Decreasing,83300
2022-08-30,82200,82100,82700,81000,,0,Increasing,83137.5
2022-08-29,82100,82100,82900,81500,,-0.01,Decreasing,82912.5
2022-08-26,83300,83800,84800,82700,,0,Decreasing,82737.5
2022-08-25,83600,83400,84900,82900,,0.01,Increasing,82562.5
2022-08-24,82900,82700,82900,81800,,0.01,Increasing,82450
2022-08-23,82000,80600,82500,80500,,0,Increasing,82437.5
2022-08-22,81800,82000,82800,80500,,-0.01,Decreasing,82475
2022-08-19,82300,83100,84000,82300,,-0.01,Decreasing,82525
2022-08-18,83100,84700,85400,83000,,-0.02,Decreasing,82637.5
2022-08-17,84400,83000,84900,82600,,0.02,Increasing,82925
2022-08-16,83000,81500,83000,80600,,0.01,Increasing,82887.5
2022-08-15,81800,82000,82000,79000,,0,Increasing,82662.5
2022-08-12,81500,81100,82000,78700,,0,Increasing,82487.5
2022-08-11,81300,84000,84200,81100,,-0.02,Decreasing,82400
2022-08-10,83200,83300,84000,82300,,0,Decreasing,82575
2022-08-09,83300,82000,83600,81000,,0.02,Increasing,82700
2022-08-08,81800,78100,82000,78100,,0.01,Increasing,82537.5
2022-08-05,80900,78500,82400,78400,,0.03,Increasing,82100
2022-08-04,78500,76300,78500,76000,,0.03,Increasing,81537.5
2022-08-03,76200,75000,76400,75000,,0.01,Increasing,80837.5
2022-08-02,75700,74700,75700,74000,,0.01,Increasing,80112.5
2022-08-01,74700,74000,74700,74000,,0,Increasing,79287.5
2022-07-29,74500,74000,74500,73500,,0.01,Increasing,78200
2022-07-28,74000,73900,74000,73500,,0,Increasing,77037.5
2022-07-27,73700,74400,74500,73300,,0,Decreasing,76025
2022-07-26,73900,73200,73900,73200,,0,Increasing,75150
2022-07-25,73700,73300,74300,73300,,0,Decreasing,74550
2022-07-22,73900,74500,74500,73400,,0,Decreasing,74262.5
2022-07-21,74200,74400,74700,73400,,0,Increasing,74075
2022-07-20,73900,73800,74000,73100,918,0,Increasing,73975
2022-07-19,73600,74000,74700,73200,,0,Decreasing,73862.5
2022-07-18,73600,73800,73800,73100,,0,Decreasing,73812.5
2022-07-15,73600,74000,74000,72800,,0,Decreasing,73800
2022-07-14,73700,73600,73700,73000,,0,Increasing,73775
2022-07-13,73600,73200,73900,72900,900.5,0,Increasing,73762.5
2022-07-12,73400,73300,73700,72900,917.3,0,Decreasing,73700
2022-07-11,73400,73800,73800,73200,957.7,-0.01,Decreasing,73600
2022-07-08,73800,74000,74900,73200,,0,Decreasing,73587.5
2022-07-07,74000,73200,74000,73100,,0.01,Increasing,73637.5
2022-07-06,73400,74000,74000,73100,967.4,0,Decreasing,73612.5
2022-07-05,73500,74100,74800,73100,,-0.01,Decreasing,73600
2022-07-04,74000,74500,75000,73400,,-0.01,Decreasing,73637.5
2022-07-01,74400,74900,74900,73800,,0,Decreasing,73737.5
2022-06-30,74500,76000,76000,74400,,-0.01,Decreasing,73875
2022-06-29,75100,75300,76100,74700,,0,Decreasing,74087.5
2022-06-28,75100,77500,77500,74600,,-0.05,Decreasing,74250
2022-06-27,78800,74500,78800,73000,,0.06,Increasing,74850
2022-06-24,74000,72000,75800,72000,,-0.01,Decreasing,74925
2022-06-23,74900,75000,75300,74500,,-0.01,Decreasing,75100
2022-06-22,75500,76000,76100,74900,,0,Decreasing,75287.5
2022-06-21,75500,76000,76300,75200,,0,Decreasing,75425
2022-06-20,75500,76900,76900,75200,,0,Decreasing,75550
2022-06-17,75700,77300,78300,75700,,-0.02,Decreasing,75625
2022-06-16,77500,77000,78300,76400,,0.01,Increasing,75925
2022-06-15,76400,76800,77000,75600,,0,Decreasing,75625
2022-06-14,76600,76100,77000,76000,,0.01,Increasing,75950
2022-06-13,76000,77000,77000,75900,,-0.01,Decreasing,76087.5
2022-06-10,77000,76900,77500,76300,,0.01,Increasing,76275
2022-06-09,76500,76800,77300,76200,,0,Increasing,76400
2022-06-08,76400,76900,77400,76000,,0.01,Increasing,76512.5
2022-06-07,76000,76000,76500,75200,,0,Decreasing,76550
2022-06-06,76300,76100,77100,75500,,-0.02,Decreasing,76400
2022-06-03,77500,79000,79300,76000,,-0.02,Decreasing,76537.5
2022-06-02,78900,78100,79900,78100,,0.01,Increasing,76825
2022-06-01,78000,78000,78300,77400,,0,Decreasing,77075
2022-05-31,78000,78000,78500,77700,,-0.01,Decreasing,77200
2022-05-30,78700,78500,78700,77100,,0,Increasing,77475
2022-05-27,78400,78000,79500,77300,,0.01,Increasing,77725
2022-05-26,78000,78500,80000,77100,,-0.01,Decreasing,77975
2022-05-25,78900,78000,78900,76900,,0.02,Increasing,78300
2022-05-24,77200,76400,77200,75100,,0.01,Increasing,78262.5
2022-05-23,76400,77500,77600,76000,,-0.02,Decreasing,77950
2022-05-20,77800,77900,78500,77100,,0,Decreasing,77925
2022-05-19,78000,76900,78300,75000,,0,Decreasing,77925
2022-05-18,78300,78300,78300,75000,,0,Decreasing,77875
2022-05-17,78300,75000,78300,74100,,0.04,Increasing,77862.5
2022-05-16,75000,75100,75300,73600,,0,Decreasing,77487.5
2022-05-13,75000,75000,77300,72500,,0,Decreasing,77000
2022-05-12,75300,79500,80000,74700,,-0.04,Decreasing,76762.5
2022-05-11,78700,80100,80700,78100,,0,Decreasing,77050
2022-05-10,79000,77000,79000,76600,,0.01,Increasing,77200
2022-05-09,78500,80400,80500,78200,,-0.03,Decreasing,77262.5
2022-05-06,80800,81000,81000,79800,,0,Decreasing,77575
2022-05-05,81200,81000,81700,80100,,0.01,Increasing,77937.5
2022-05-04,80500,82000,82300,80000,,-0.02,Decreasing,78625
2022-04-29,82000,81900,82800,80800,,0,Increasing,79500
2022-04-28,81700,81300,82000,80600,,0,Increasing,80300
2022-04-27,81300,81000,81300,79900,,0,Increasing,80625
2022-04-26,81000,80100,82000,79200,,0.01,Increasing,80875
2022-04-25,80100,82200,82200,79000,,-0.01,Decreasing,81075
2022-04-22,81000,80500,81200,80100,,0.01,Increasing,81100
2022-04-21,80100,81000,81100,79600,,-0.02,Decreasing,80962.5
2022-04-20,81400,82300,82500,80600,,-0.01,Decreasing,81075
2022-04-19,82000,82500,82800,81600,,0,Decreasing,81075
2022-04-18,82200,83000,83500,81700,,-0.02,Decreasing,81137.5
2022-04-15,84100,84200,85100,84100,,-0.01,Decreasing,81487.5
2022-04-14,85000,86500,87800,84000,,-0.02,Decreasing,81987.5
2022-04-13,86500,85700,87800,84400,,0.02,Increasing,82787.5
2022-04-12,85000,85500,86400,84700,,0,Decreasing,83287.5
2022-04-08,85400,83800,86400,83700,,0.01,Increasing,83950
2022-04-07,84600,85700,86000,84200,,-0.02,Decreasing,84350
2022-04-06,86300,88200,88300,84800,,-0.02,Decreasing,84887.5
2022-04-05,87700,85800,88000,84600,,0.01,Increasing,85575
2022-04-04,86500,82800,87600,82600,,0.05,Increasing,85875
2022-04-01,82600,80100,82600,78700,,0.03,Increasing,85575
2022-03-31,80100,80000,81000,79900,,0,Increasing,84775
2022-03-30,80000,82400,82500,79800,,-0.03,Decreasing,84150
2022-03-29,82500,82500,83300,82100,,0,Decreasing,83787.5
2022-03-28,82500,83500,83500,82200,,-0.01,Decreasing,83525
2022-03-25,83600,82800,85300,82800,,0.01,Increasing,83187.5
2022-03-24,82800,84000,84500,82400,,-0.01,Decreasing,82575
2022-03-23,83800,85500,85700,83300,,0,Decreasing,82237.5
2022-03-22,84100,85000,86700,83500,,0.02,Increasing,82425
2022-03-21,82400,77300,82400,76600,,0.07,Increasing,82712.5
2022-03-18,77100,76800,77100,75200,,0.01,Increasing,82350
2022-03-17,76600,77400,78500,76500,,-0.01,Decreasing,81612.5
2022-03-16,77400,76900,78400,76200,,0.01,Increasing,80975
2022-03-15,76600,75800,77200,75500,,0,Increasing,80100
2022-03-14,76500,76700,77400,75400,,-0.01,Decreasing,79312.5
2022-03-11,77200,78000,78400,76500,,0,Increasing,78487.5
2022-03-10,77000,77000,79500,76400,,0.01,Increasing,77600
2022-03-09,76500,76400,76800,75500,,0.01,Increasing,76862.5
2022-03-08,76000,75600,76400,75100,,0,Decreasing,76725
2022-03-07,76000,76500,76900,75500,,-0.01,Decreasing,76650
2022-03-04,77000,78900,79000,77000,,-0.01,Decreasing,76600
2022-03-03,78000,76700,78000,76200,,0.02,Increasing,76775
2022-03-02,76400,75300,77800,75200,,0.01,Increasing,76762.5
2022-03-01,75400,75300,76000,74800,,0,Increasing,76537.5
2022-02-28,75300,76500,76600,75000,,-0.01,Decreasing,76325
2022-02-25,76300,76500,76500,74400,,0,Increasing,76300
2022-02-24,76000,77400,77400,75800,,-0.02,Decreasing,76300
2022-02-23,77400,78000,78100,77400,,-0.01,Decreasing,76475
2022-02-22,78100,77500,78500,77400,,-0.01,Decreasing,76612.5
2022-02-21,78500,78500,78600,78000,,0,Decreasing,76675
2022-02-18,78500,78200,78800,77600,,-0.01,Decreasing,76937.5
2022-02-17,79000,78200,79000,77300,,0.01,Increasing,77387.5
2022-02-16,78100,79900,79900,77800,,-0.01,Decreasing,77737.5
2022-02-15,79000,78000,79600,77500,,0.01,Increasing,78075
2022-02-14,78000,78000,78400,76700,,0,Decreasing,78325
2022-02-11,78100,78500,78500,77700,,-0.01,Decreasing,78412.5
2022-02-10,78500,79100,79100,78000,,-0.01,Decreasing,78462.5
2022-02-09,79000,79700,79800,78300,,0,Decreasing,78525
2022-02-08,79200,80000,80000,79100,,-0.01,Decreasing,78612.5
2022-02-07,80000,79500,82000,79500,,0,Increasing,78737.5
2022-01-28,79900,79500,79900,78600,,0.01,Increasing,78962.5
2022-01-27,79000,79200,80000,78500,,-0.01,Decreasing,78962.5
2022-01-26,79400,79700,79700,78300,,0.01,Increasing,79137.5
2022-01-25,79000,78200,79800,77800,,0.01,Increasing,79250
2022-01-24,78100,78500,80000,78100,,-0.02,Decreasing,79200
2022-01-21,80000,80200,80200,78600,,0,Decreasing,79325
2022-01-20,80200,79500,80200,78300,,0,Increasing,79450
2022-01-19,80000,79500,80000,78100,,0,Decreasing,79450
2022-01-18,80100,80000,80100,79100,,0,Increasing,79475
2022-01-17,80000,82000,83000,78800,,-0.02,Decreasing,79600
2022-01-14,82000,82100,83500,81700,,-0.02,Decreasing,79925
2022-01-13,83500,84000,84000,82200,,0,Decreasing,80487.5
2022-01-12,83800,83600,84500,82400,,-0.01,Decreasing,81200
2022-01-11,84500,83900,85000,82300,,0.01,Increasing,81762.5
2022-01-10,83900,86400,88000,83900,,-0.03,Decreasing,82225
2022-01-07,86400,88200,88600,86400,,-0.02,Decreasing,83025
2022-01-06,88200,88500,90000,87800,,-0.01,Decreasing,84037.5
2022-01-05,89100,89000,89100,87800,,0,Increasing,85175
2022-01-04,89000,90500,90500,88500,,-0.02,Decreasing,86050
2021-12-31,91000,86300,91000,86100,,0.05,Increasing,86987.5
2021-12-30,86300,87000,87200,85700,,-0.01,Decreasing,87300
2021-12-29,87000,87100,87800,85100,,0,Decreasing,87612.5
2021-12-28,87000,89400,89400,87000,,-0.02,Decreasing,88000
2021-12-27,89000,88900,89900,87800,,0,Increasing,88325
2021-12-24,88900,89800,89800,87000,,0.03,Increasing,88412.5
2021-12-23,86260,88550,89695,85115,,-0.03,Decreasing,88057.5
2021-12-22,89084,89313,90000,87405,,0,Increasing,88068
2021-12-21,89008,88015,89313,87328,,0.01,Increasing,87819
2021-12-20,88015,87710,88168,86947,,0,Increasing,88033.375
2021-12-17,87939,87863,89084,86947,,0,Increasing,88150.75
2021-12-16,87786,88397,89313,87023,,0,Decreasing,88249
2021-12-15,87786,86336,87786,85496,,0.02,Increasing,88097.25
2021-12-14,86336,84886,87099,84809,,0.01,Increasing,87776.75
2021-12-13,85573,86260,87023,84733,,-0.01,Decreasing,87690.875
2021-12-10,86260,88168,88321,86260,,-0.02,Decreasing,87337.875
2021-12-09,87786,87023,88397,86641,,0.01,Increasing,87185.125
2021-12-08,86947,86260,87023,85115,,0.01,Increasing,87051.625
2021-12-07,85954,84886,86183,83969,,0.01,Increasing,86803.5
2021-12-06,84733,83969,86565,83206,,0,Decreasing,86421.875
2021-12-03,84733,88931,88931,84504,,-0.03,Decreasing,86040.25
2021-12-02,87252,88550,89160,86336,,0,Increasing,86154.75
2021-12-01,87023,84733,87786,84351,,0.04,Increasing,86336
2021-11-30,83969,84733,85420,82519,,0,Decreasing,86049.625
2021-11-29,84122,81985,84504,81985,,0,Decreasing,85591.625
2021-11-26,84504,83359,86183,83282,,0.02,Increasing,85286.25
2021-11-25,83206,81679,83817,81450,,0.02,Increasing,84942.75
2021-11-24,81221,81832,82443,80763,,0,Increasing,84503.75
2021-11-23,81069,78015,81069,78015,,0.04,Increasing,84045.75
2021-11-22,77939,78244,78397,77405,,0,Decreasing,82881.625
2021-11-19,78015,78321,78626,77481,,0,Decreasing,81755.625
2021-11-18,78397,79084,79084,78168,,0,Decreasing,81059.125
2021-11-17,78779,79466,79466,78626,,0,Increasing,80391.25
2021-11-16,78702,79084,79847,78702,,0,Decreasing,79666
2021-11-15,79084,81527,81527,79084,,-0.02,Decreasing,79150.75
2021-11-12,80916,80916,81679,80153,,0,Increasing,79112.625
2021-11-11,80534,80153,82366,79389,,0.01,Increasing,79045.75
2021-11-10,79389,79084,79847,78626,,0.01,Increasing,79227
2021-11-09,78626,79771,80076,78626,,-0.02,Decreasing,79303.375
2021-11-08,79847,80382,80763,79695,,0,Decreasing,79484.625
2021-11-05,80153,79389,80763,79084,,0.01,Increasing,79656.375
2021-11-04,79389,80534,81145,79389,,-0.01,Decreasing,79742.25
2021-11-03,80305,82443,82519,80229,,-0.03,Decreasing,79894.875
2021-11-02,82519,82366,83206,82214,,-0.01,Decreasing,80095.25
2021-11-01,83664,84504,84657,83206,,0,Increasing,80486.5
2021-10-29,83435,83435,85496,83130,,0.01,Increasing,80992.25
2021-10-28,82290,79389,83969,79160,10,0.04,Increasing,81450.25
2021-10-27,79313,78855,79771,78397,,0.01,Increasing,81383.5
2021-10-26,78855,79389,79924,78321,,0,Decreasing,81221.25
2021-10-25,79237,79084,80076,78626,,0,Increasing,81202.25
2021-10-22,78855,77863,79313,77786,,0.01,Increasing,81021
2021-10-21,77863,78244,78321,77634,,0,Decreasing,80439
2021-10-20,78092,78321,79237,77481,,0,Decreasing,79742.5
2021-10-19,78321,77786,79389,77252,,0.01,Increasing,79103.25
2021-10-18,77634,77863,78015,77481,,0,Decreasing,78521.25
2021-10-15,77863,78092,78321,77710,,0,Decreasing,78340
2021-10-14,78092,78550,78626,77863,,0,Decreasing,78244.625
2021-10-13,78321,78626,79160,78321,,0,Decreasing,78130.125
2021-10-12,78626,79160,79160,78550,,-0.01,Decreasing,78101.5
2021-10-11,79389,79771,79847,79160,,0,Decreasing,78292.25
2021-10-08,79771,79542,79771,78702,,0,Increasing,78502.125
2021-10-07,79466,80153,80763,79466,,-0.01,Decreasing,78645.25
2021-10-06,80153,80382,80763,79542,,0.01,Increasing,78960.125
2021-10-05,79695,77863,80534,77481,,0.02,Increasing,79189.125
2021-10-04,77863,77405,77863,77252,,0,Decreasing,79160.5
2021-10-01,77863,77634,77863,77252,,0,Decreasing,79103.25
2021-09-30,77863,77863,77863,77481,,0,Decreasing,79007.875
2021-09-29,77863,78244,78321,77405,,-0.01,Decreasing,78817.125
2021-09-28,78321,78015,78321,78015,,0,Increasing,78635.875
2021-09-27,78168,78473,78550,78092,,-0.01,Decreasing,78473.625
2021-09-24,78626,78550,78626,78168,,0,Decreasing,78282.75
2021-09-23,78626,78473,78626,78092,,0,Decreasing,78149.125
2021-09-22,78702,78550,78779,78244,,0,Increasing,78254
2021-09-21,78626,78626,78626,78092,,0,Decreasing,78349.375
2021-09-20,78626,78626,79008,78092,,0,Decreasing,78444.75
2021-09-17,78779,78702,79008,78397,,0,Increasing,78559.25
2021-09-16,78702,79008,79160,78321,,0,Decreasing,78606.875
2021-09-15,78702,78626,78702,78321,,0,Increasing,78673.625
2021-09-14,78626,78779,78931,78321,,0,Decreasing,78673.625
2021-09-13,78626,78779,78931,78397,,0,Decreasing,78673.625
2021-09-10,78855,78855,79389,78702,,0,Increasing,78692.75
2021-09-09,78779,79237,79618,78779,,-0.01,Decreasing,78711.875
2021-09-08,79389,80000,80076,79389,,-0.01,Decreasing,78807.25
2021-09-07,80000,80000,80534,79618,,0,Decreasing,78959.875
2021-09-06,80000,80382,81069,79847,,0,Increasing,79122.125
2021-09-01,79924,79695,80534,79466,,0,Increasing,79274.875
2021-08-31,79695,79389,80458,78855,,0,Increasing,79408.5
2021-08-30,79389,79237,79618,78931,,0,Increasing,79503.875
2021-08-27,79237,79008,79237,78397,,0,Increasing,79551.625
2021-08-26,79160,80534,80687,79008,,-0.02,Decreasing,79599.25
2021-08-25,80534,80534,81679,80000,,0,Decreasing,79742.375
2021-08-24,80534,80534,80916,79008,,0.01,Increasing,79809.125
2021-08-23,80076,79160,81069,79008,,0.01,Increasing,79818.625
2021-08-20,79160,80000,80000,78321,,-0.01,Decreasing,79723.125
2021-08-19,80076,78244,80153,78015,,0.02,Increasing,79770.75
2021-08-18,78626,79237,79237,78321,,0,Decreasing,79675.375
2021-08-17,78779,79389,79389,78779,,-0.01,Decreasing,79618.125
2021-08-16,79237,79084,79771,78931,,0,Increasing,79627.75
2021-08-13,79008,79008,79313,78702,,0,Decreasing,79437
2021-08-12,79084,79237,79618,79008,,0,Decreasing,79255.75
2021-08-11,79313,79847,80458,79008,,-0.01,Decreasing,79160.375
2021-08-10,79847,80916,81679,79847,,-0.01,Decreasing,79246.25
2021-08-09,80916,82061,82137,80916,,-0.01,Decreasing,79351.25
2021-08-06,82061,82443,82824,81985,,0,Decreasing,79780.625
2021-08-05,82443,82443,83664,82443,,0,Increasing,80238.625
2021-08-04,82061,80763,83893,80458,,0.02,Increasing,80591.625
2021-08-03,80534,79466,81069,79466,,0.01,Increasing,80782.375
2021-08-02,79847,79008,81527,78626,,0.01,Increasing,80877.75
2021-07-30,79389,79160,79924,79008,,0,Decreasing,80887.25
2021-07-29,79389,79695,79847,79160,,0,Decreasing,80830
2021-07-28,79466,80153,80153,79466,,-0.02,Decreasing,80648.75
2021-07-27,81298,80153,81527,80153,,-0.01,Decreasing,80553.375
2021-07-26,82061,78550,82061,78168,,0.04,Increasing,80505.625
2021-07-23,78626,80000,80000,78626,,-0.02,Decreasing,80076.25
2021-07-22,80076,78473,80153,78473,,0.02,Increasing,80019
2021-07-21,78702,78855,79618,78550,,0,Decreasing,79875.875
2021-07-20,79008,78626,79008,77786,,0,Increasing,79828.25
2021-07-19,78626,78626,79389,78244,,-0.02,Decreasing,79732.875
2021-07-16,79847,79389,81069,78015,,0.01,Increasing,79780.5
2021-07-15,79389,78626,79389,78244,,0,Decreasing,79541.875
2021-07-14,79389,79924,80076,76947,,-0.01,Decreasing,79207.875
2021-07-13,79924,80305,80458,77863,,0,Decreasing,79370.125
2021-07-12,80229,79618,82061,76718,,0.02,Increasing,79389.25
2021-07-09,79008,85038,85038,78779,,-0.07,Decreasing,79427.5
2021-07-08,84580,87176,89313,83817,12.74,-0.06,Decreasing,80124
2021-07-07,90076,89313,90076,88168,,0.01,Increasing,81555.25
2021-07-06,89313,87710,89695,87023,,0.02,Increasing,82738.5
2021-07-05,87786,90153,90229,87252,,-0.03,Decreasing,83788.125
2021-07-02,90840,93053,93053,89313,,-0.01,Decreasing,85219.5
2021-07-01,91603,93969,94351,90992,,-0.01,Decreasing,86679.375
2021-06-30,92366,93130,93130,91603,,0,Decreasing,88196.5
2021-06-29,92366,92214,92672,90382,,0.01,Increasing,89866.25
2021-06-28,91603,91603,93817,91221,,0.01,Increasing,90744.125
2021-06-25,90916,86641,91221,86641,,0.04,Increasing,90849.125
2021-06-24,87786,84428,87786,82748,,0.03,Increasing,90658.25
2021-06-23,85496,87710,88092,85115,,-0.01,Decreasing,90372
2021-06-22,86641,85496,87405,84809,,0.04,Increasing,89847.125
2021-06-21,83206,79542,83969,79008,,0.06,Increasing,88797.5
2021-06-18,78626,78626,79389,78244,,0.01,Increasing,87080
2021-06-17,78015,78626,78702,78015,,-0.01,Decreasing,85286.125
2021-06-16,79008,79389,79542,78626,,0,Decreasing,83711.75
2021-06-15,79389,78779,79618,78702,,0,Increasing,82270.875
2021-06-14,79313,80153,80153,78702,,-0.01,Decreasing,81211.75
2021-06-11,80076,79389,80305,79084,,0.01,Increasing,80534.25
2021-06-10,79084,80763,81298,79084,,-0.03,Decreasing,79589.625
2021-06-09,81145,81679,81832,80153,,0.06,Increasing,79332
2021-06-08,76518,77981,77981,75337,,-0.02,Decreasing,79068.5
2021-06-07,77981,78488,79444,77812,,-0.01,Decreasing,79064.25
2021-06-04,78656,80401,80401,78544,,-0.01,Decreasing,79020.25
2021-06-03,79332,78769,79894,78544,,0.01,Increasing,79013.125
2021-06-02,78431,76293,78769,76125,,0.03,Increasing,78902.875
2021-06-01,76406,75956,76406,75731,,0.01,Increasing,78444.125
2021-05-31,75731,75393,76125,75393,,0,Decreasing,78025
2021-05-28,75899,76293,76518,75506,,-0.01,Decreasing,77369.25
2021-05-27,76518,75956,77025,75618,,0.02,Increasing,77369.25
2021-05-26,75112,75393,76237,74830,,-0.01,Decreasing,77010.625
2021-05-25,76237,75956,76518,74718,,0,Increasing,76708.25
2021-05-24,75956,77306,77644,75393,,-0.02,Decreasing,76286.25
2021-05-21,77250,77812,78994,76518,,-0.03,Decreasing,76138.625
2021-05-20,79332,80401,81019,76969,,-0.01,Decreasing,76504.375
2021-05-19,79894,80794,81470,79332,,0,Increasing,77024.75
2021-05-18,79725,77644,79894,77250,,0.03,Increasing,77503
2021-05-17,77419,75168,77644,75168,,0.03,Increasing,77615.625
2021-05-14,75449,74830,75899,74605,,0,Increasing,77657.75
2021-05-13,75393,73143,78206,72580,,0.03,Increasing,77552.25
2021-05-12,73143,71736,73143,71455,,0.01,Increasing,77200.625
2021-05-11,72299,72299,73424,71398,,0,Decreasing,76581.75
2021-05-10,72299,74830,76237,72299,,-0.05,Decreasing,75702.625
2021-05-07,76406,76518,79332,76406,,0,Increasing,75266.625
2021-05-06,76350,74549,76800,73818,,0.02,Increasing,74844.75
2021-05-05,74830,73705,75843,73480,,0.01,Increasing,74521.125
2021-05-04,73987,73930,74268,70386,,0,Increasing,74338.375
2021-04-29,73930,73143,74549,72580,,0.03,Increasing,74155.5
2021-04-28,72017,68416,72017,66672,,0.05,Increasing,74014.75
2021-04-27,68360,64365,68642,64365,,0.06,Increasing,73522.375
2021-04-26,64365,61046,64365,60146,,0.07,Increasing,72530.625
2021-04-23,60202,60371,60483,59696,,0,Decreasing,70505.125
2021-04-22,60371,60765,61046,59639,,-0.01,Decreasing,68507.75
2021-04-20,61046,61327,61777,59696,,0,Decreasing,66784.75
2021-04-19,61327,61327,61890,60483,,0.01,Increasing,65202.25
2021-04-16,60765,57670,61665,57670,,0.05,Increasing,63556.625
2021-04-15,57670,57783,58514,56320,,0.02,Increasing,61763.25
2021-04-14,56320,54351,56320,53732,,0.04,Increasing,60258.25
2021-04-13,54351,54013,55138,53619,,0.01,Increasing,59006.5
2021-04-12,53619,50918,54013,50693,,0.06,Increasing,58183.625
2021-04-09,50637,49568,50693,49343,,0.01,Increasing,56966.875
2021-04-08,49962,49793,50693,49624,,0.01,Increasing,55581.375
2021-04-07,49568,48837,49793,48499,,0.02,Increasing,54111.5
2021-04-06,48837,48105,49231,47599,,0.02,Increasing,52620.5
2021-04-05,48105,48837,48837,46755,,0.04,Increasing,51424.875
2021-04-02,46136,46417,46642,46024,,0,Increasing,50151.875
2021-04-01,46024,45292,46699,45292,,0.02,Increasing,49111
2021-03-31,45292,45292,45461,45067,,0,Decreasing,48070.125
2021-03-30,45405,45180,45461,44955,,0.01,Increasing,47416.125
2021-03-29,45011,45011,45067,44730,,0.01,Increasing,46797.25
2021-03-26,44730,44842,44898,44336,,-0.01,Decreasing,46192.5
2021-03-25,45011,44955,45573,44617,,0,Increasing,45714.25
2021-03-24,44898,44898,45011,44561,,0,Decreasing,45313.375
2021-03-23,45011,45573,46136,44955,,-0.01,Decreasing,45172.75
2021-03-22,45461,45011,45630,45011,,0.02,Increasing,45102.375
2021-03-19,44448,45461,45686,44448,,-0.03,Decreasing,44996.875
2021-03-18,45686,45799,46136,45011,,0.01,Increasing,45032
2021-03-17,45292,45180,45517,44786,,0,Decreasing,45067.125
2021-03-16,45517,45799,46080,45236,,-0.01,Decreasing,45165.5
2021-03-15,46080,46249,46699,45742,,0,Decreasing,45299.125
2021-03-12,46249,46474,46586,46024,,-0.01,Decreasing,45468
2021-03-11,46642,46811,46980,46192,,0,Increasing,45671.875
2021-03-10,46417,46249,46417,45067,,0.01,Increasing,45791.375
2021-03-09,46136,45799,46249,45123,,0.01,Increasing,46002.375
2021-03-08,45799,45180,45911,44448,,0.02,Increasing,46016.5
2021-03-05,44955,45686,45799,43886,,-0.01,Decreasing,45974.375
2021-03-04,45348,46024,46080,45011,,-0.01,Decreasing,45953.25
2021-03-03,45799,44504,46136,44336,,0.03,Increasing,45918.125
2021-03-02,44617,44842,45011,44561,,-0.01,Decreasing,45714.125
2021-03-01,44842,44786,45011,44504,,0,Increasing,45489.125
2021-02-26,44786,44730,45573,44561,,-0.01,Decreasing,45285.25
2021-02-25,45011,45461,45911,44561,,-0.01,Decreasing,45144.625
2021-02-24,45236,45461,46024,44673,,0,Decreasing,45074.25
2021-02-23,45461,45461,45517,45067,,0,Decreasing,45137.5
2021-02-22,45461,45236,45517,44617,,0.01,Increasing,45151.625
2021-02-19,45180,45855,46361,45011,,-0.01,Decreasing,45074.25
2021-02-18,45855,45180,45855,44504,,0.01,Increasing,45229
2021-02-17,45573,45517,45686,44392,,0.03,Increasing,45320.375
2021-02-09,44448,44167,45236,43323,,0.02,Increasing,45278.125
2021-02-08,43717,45011,45011,42760,,-0.03,Decreasing,45116.375
2021-02-05,45123,46136,46361,44842,,-0.02,Decreasing,45102.25
2021-02-04,45855,46699,46980,45461,,-0.02,Decreasing,45151.5
2021-02-03,46699,45348,46980,44898,,0.03,Increasing,45306.25
2021-02-02,45292,45067,45573,44561,,0.01,Increasing,45320.25
2021-02-01,45067,45123,46586,44504,,0,Decreasing,45221.75
2021-01-29,45123,43042,45630,42929,,0.06,Increasing,45165.5
2021-01-28,42648,44955,45517,42535,14.18,-0.07,Decreasing,44940.5
2021-01-27,45686,45573,46417,45011,,0,Increasing,45186.625
2021-01-26,45573,45292,46417,44448,,0.01,Increasing,45242.875
2021-01-25,45011,44673,45067,44392,,0.01,Increasing,45137.375
2021-01-22,44448,42873,45011,42198,,0.04,Increasing,44856
2021-01-21,42704,41297,42985,40510,,0.05,Increasing,44532.5
2021-01-20,40510,39947,41635,39441,,0.04,Increasing,43962.875
2021-01-19,38941,40277,40332,37272,,-0.02,Decreasing,43190.125
2021-01-18,39887,40054,41111,39498,,-0.01,Decreasing,42845
2021-01-15,40332,41779,42001,40332,12.06,-0.04,Decreasing,42175.75
2021-01-14,41834,42057,42724,41667,,-0.01,Decreasing,41708.375
2021-01-13,42057,41945,42557,41779,,0,Increasing,41339.125
2021-01-12,41945,42001,43281,41612,11.88,0,Decreasing,41026.25
2021-01-11,42001,42001,42112,41167,11.27,0,Decreasing,40938.375
2021-01-08,42112,40332,42224,40332,,0.06,Increasing,41138.625
2021-01-07,39665,36994,39665,36994,15.58,0.07,Increasing,41229.125
2021-01-06,37106,36104,37773,35993,11.68,0.03,Increasing,40881.5
2021-01-05,36160,36160,36605,35159,12.95,0,Decreasing,40360
2021-01-04,36215,36549,37718,36104,11.75,-0.01,Decreasing,39657.625
2020-12-31,36716,37161,37384,36716,,-0.01,Decreasing,38990
2020-12-30,37161,37940,38385,36772,,-0.02,Decreasing,38392
2020-12-29,37773,37328,39887,37272,18.99,0.01,Increasing,37863.5
2020-12-28,37328,36939,37384,36939,,0.01,Increasing,37265.5
2020-12-25,36994,36716,37106,36661,,0.01,Increasing,36931.625
2020-12-24,36716,37272,37384,36160,,-0.01,Decreasing,36882.875
2020-12-23,37272,37217,37384,36939,,0,Increasing,37021.875
2020-12-22,37106,36883,37328,36716,,0.01,Increasing,37133.25
2020-12-21,36883,37050,37328,36605,,0,Increasing,37154.125
2020-12-18,36716,36827,37272,36605,,0,Decreasing,37098.5
2020-12-17,36716,37161,37161,36438,,-0.02,Decreasing,36966.375
2020-12-16,37328,36661,37495,36605,,0.02,Increasing,36966.375
2020-12-15,36438,35826,37495,35826,,0.02,Increasing,36896.875
2020-12-14,35826,35492,36049,35159,,0.01,Increasing,36785.625
2020-12-11,35548,35437,35882,35270,,0,Decreasing,36570.125
2020-12-10,35548,34825,36160,34825,,0.02,Increasing,36375.375
2020-12-09,34936,33656,34936,33601,,0.04,Increasing,36132
2020-12-08,33712,33601,33712,33378,,0,Increasing,35756.5
2020-12-07,33656,33545,33712,33378,,0,Increasing,35374
2020-12-04,33601,33545,33601,33378,,0,Decreasing,34908.125
2020-12-03,33601,33601,33656,33378,,0,Decreasing,34553.5
2020-12-02,33656,33656,33712,33434,,0,Decreasing,34282.25
2020-12-01,33712,33490,33712,33378,,0,Decreasing,34052.75
2020-11-30,33712,33879,33879,33434,,0,Decreasing,33823.25
2020-11-27,33879,33935,33935,33601,,0,Decreasing,33691.125
2020-11-26,33935,34157,34157,33434,,-0.01,Decreasing,33719
2020-11-25,34157,34213,34213,33935,,0,Decreasing,33781.625
2020-11-24,34213,34268,34324,33935,,0,Decreasing,33858.125
2020-11-23,34324,34268,34380,33990,,0,Increasing,33948.5
2020-11-20,34268,34324,34380,33935,,0,Increasing,34025
2020-11-19,34213,34268,34324,33823,,0,Decreasing,34087.625
2020-11-18,34213,34380,34435,33935,,0,Decreasing,34150.25
2020-11-17,34380,34435,34491,33935,,0.01,Increasing,34212.875
2020-11-16,34102,34491,34491,33879,,-0.01,Decreasing,34233.75
2020-11-13,34491,34491,34491,34213,,0,Decreasing,34275.5
2020-11-12,34491,34435,34491,34157,,0,Decreasing,34310.25
2020-11-11,34491,34491,34491,33990,,0,Decreasing,34331.125
2020-11-10,34491,34268,34491,34213,,0.01,Increasing,34359
2020-11-09,34213,34602,34658,33879,,-0.01,Decreasing,34359
2020-11-06,34547,34602,34602,34268,,0,Decreasing,34400.75
2020-11-05,34547,34602,34658,34268,,0,Decreasing,34421.625
2020-11-04,34602,34491,34602,34268,,0,Increasing,34484.125
2020-11-03,34547,34602,34658,34324,,0,Decreasing,34491.125
2020-11-02,34658,34713,34769,34324,,0,Increasing,34512
2020-10-30,34491,34380,34491,33990,,0,Decreasing,34512
2020-10-29,34491,34435,34547,34102,,0,Decreasing,34512
2020-10-28,34491,34435,34658,34157,,0,Decreasing,34546.75
2020-10-27,34547,34491,34602,34213,,0,Increasing,34546.75
2020-10-26,34491,34602,34713,34268,,0,Decreasing,34539.75
2020-10-23,34658,34769,34936,34435,,0,Decreasing,34546.75
2020-10-22,34769,34658,34936,34435,,0,Increasing,34574.5
2020-10-21,34658,34602,34713,34435,,0,Increasing,34574.5
2020-10-20,34491,34825,34992,34380,,-0.01,Decreasing,34574.5
2020-10-19,34825,34713,34992,34380,,0,Increasing,34616.25
2020-10-16,34658,34713,34769,34268,,0,Decreasing,34637.125
2020-10-15,34713,34658,34936,34324,,0.01,Increasing,34657.875
2020-10-14,34491,34602,35047,34380,,0,Decreasing,34657.875
2020-10-13,34491,34713,34992,34324,,-0.01,Decreasing,34637
2020-10-12,34769,34992,35270,34491,,0,Decreasing,34637
2020-10-09,34825,34380,35437,34380,,-0.01,Decreasing,34657.875
2020-10-08,35047,35214,35325,34880,,0,Decreasing,34727.375
2020-10-07,35103,35270,35492,34936,,0,Decreasing,34762.125
2020-10-06,35214,35270,35548,35047,,0,Decreasing,34831.625
2020-10-05,35214,35325,35381,35103,,0,Decreasing,34894.25
2020-10-02,35325,35492,35604,35159,,0,Decreasing,34998.5
2020-10-01,35437,35548,35715,35270,,0,Decreasing,35116.75
2020-09-30,35548,35325,35604,35103,,0.01,Increasing,35214.125
2020-09-29,35270,35381,35604,35103,,0,Decreasing,35269.75
2020-09-28,35270,35381,35659,35214,,0,Decreasing,35297.625
2020-09-25,35325,35381,35715,35103,,0,Decreasing,35325.375
2020-09-24,35325,35381,35826,35159,,0,Decreasing,35339.25
2020-09-23,35381,35325,35882,35214,,0,Decreasing,35360.125
2020-09-22,35492,35715,35826,35381,,-0.01,Decreasing,35381
2020-09-21,35715,35548,35993,35548,,0,Increasing,35415.75
2020-09-18,35548,35270,35937,35214,,0.01,Increasing,35415.75
2020-09-17,35270,35381,35492,35103,,-0.01,Decreasing,35415.75
2020-09-16,35492,35492,35826,35214,,0,Decreasing,35443.5
2020-09-15,35492,35604,35882,35159,,0,Increasing,35464.375
2020-09-14,35437,35047,35548,34992,,0.01,Increasing,35478.375
2020-09-11,34992,34936,35270,34713,,0,Increasing,35429.75
2020-09-10,34936,35047,35270,34547,,0,Decreasing,35360.25
2020-09-09,34936,34769,34936,34602,,0,Increasing,35262.875
2020-09-08,34880,34658,35325,33990,,0,Decreasing,35179.375
2020-09-07,34936,34713,35437,34380,,0,Decreasing,35137.625
2020-09-04,34936,35159,35325,34769,,-0.01,Decreasing,35068.125
2020-09-03,35159,34992,35159,34380,,0,Increasing,35026.5
2020-09-01,35047,34992,35047,34658,,-0.01,Decreasing,34977.75
2020-08-31,35492,34880,35548,34880,,0.01,Increasing,35040.25
2020-08-28,35047,34825,35826,34825,,0,Increasing,35054.125
2020-08-27,34992,34769,34992,34769,,0,Increasing,35061.125
2020-08-26,34936,34769,35047,34324,,0,Decreasing,35068.125
2020-08-25,34992,34602,35103,34602,,0,Decreasing,35075.125
2020-08-24,35047,35047,35047,34936,,0,Decreasing,35089
2020-08-21,35047,34769,35214,34658,,0,Increasing,35075
2020-08-20,34992,35047,35548,34769,,-0.01,Decreasing,35068.125
2020-08-19,35214,35103,35770,35047,,0,Decreasing,35033.375
2020-08-18,35214,35159,35325,34936,,0,Decreasing,35054.25
2020-08-17,35214,35047,35214,34491,,0,Increasing,35082
2020-08-14,35103,35659,35715,34435,,-0.02,Decreasing,35102.875
2020-08-13,35659,35492,35993,35492,,0,Decreasing,35186.25
2020-08-12,35826,35993,36160,35437,,0,Decreasing,35283.625
2020-08-11,35993,36049,36215,35604,,0,Decreasing,35401.875
2020-08-10,36049,36160,36271,35604,,0,Increasing,35534
2020-08-07,35937,35770,36215,35604,,0,Decreasing,35624.375
2020-08-06,36104,35770,36382,35492,,0,Increasing,35735.625
2020-08-05,36049,35715,36271,35159,,0,Increasing,35840
2020-08-04,35993,35826,36160,35325,,0.01,Increasing,35951.25
2020-08-03,35770,35882,36215,35548,,-0.01,Decreasing,35965.125
2020-07-31,36215,35492,36382,35492,,0.02,Increasing,36013.75
2020-07-30,35659,35381,36104,35381,,0.01,Increasing,35972
2020-07-29,35325,35325,35548,35103,,0,Decreasing,35881.5
2020-07-28,35381,34936,36160,34713,,0.01,Increasing,35812
2020-07-27,34936,34880,35047,34658,,0,Decreasing,35666
2020-07-24,34992,35047,35159,34769,,0,Decreasing,35533.875
2020-07-23,35047,34992,35214,34658,,0,Increasing,35415.625
2020-07-22,34880,34658,34936,34213,,0.01,Increasing,35304.375
2020-07-21,34658,34324,35214,34213,,0.01,Increasing,35109.75
2020-07-20,34380,34268,34491,33935,,0,Decreasing,34949.875
2020-07-17,34435,34547,34547,34213,,0,Decreasing,34838.625
2020-07-16,34547,34825,34825,34380,,-0.01,Decreasing,34734.375
2020-07-15,34825,34658,35548,34658,,0,Increasing,34720.5
2020-07-14,34658,34769,34992,34491,912,-0.01,Decreasing,34678.75
2020-07-13,35047,35325,35604,34880,,-0.01,Decreasing,34678.75
2020-07-10,35381,35882,35882,35159,,-0.01,Decreasing,34741.375
2020-07-09,35882,35882,35937,35548,940.8,0,Increasing,34894.375
2020-07-08,35770,36160,36494,35548,,0,Decreasing,35068.125
2020-07-07,35882,35937,36549,35604,,0,Increasing,35249
2020-07-06,35715,34713,35882,34713,,0.03,Increasing,35395
2020-07-03,34713,34046,34825,33656,,0.02,Increasing,35381
2020-07-02,34046,34046,34157,33656,,0,Decreasing,35304.5
2020-07-01,34102,33990,34769,33601,,0,Decreasing,35186.375
2020-06-30,34213,34435,35159,33712,,-0.01,Decreasing,35040.375
2020-06-29,34602,34713,35492,33823,,0,Decreasing,34880.375
2020-06-26,34713,32989,34992,32989,,0.05,Increasing,34748.25
2020-06-25,33100,32266,33211,31988,,0.02,Increasing,34400.5
2020-06-24,32433,32321,32878,31988,,0,Decreasing,33990.25
2020-06-23,32433,32544,32822,32321,,-0.01,Decreasing,33705.25
2020-06-22,32822,33100,33545,32266,,-0.01,Decreasing,33552.25
2020-06-19,32989,32822,34213,32544,,0.02,Increasing,33413.125
2020-06-18,32433,31709,32544,31598,,0.02,Increasing,33190.625
2020-06-17,31765,30652,31932,30597,,0.01,Increasing,32836
2020-06-16,31487,30764,31598,30764,,0.03,Increasing,32432.75
2020-06-15,30708,30374,30931,30041,,0.01,Increasing,32133.75
2020-06-12,30541,30152,30764,29874,,0.01,Increasing,31897.25
2020-06-11,30319,30319,30374,30096,,0,Decreasing,31633
2020-06-10,30319,30319,30486,29762,,0,Decreasing,31320.125
2020-06-09,30319,30486,30875,29762,,0,Decreasing,30986.375
2020-06-08,30430,30319,30541,30207,,0,Increasing,30736
2020-06-05,30374,30319,30374,30207,,0,Increasing,30562.125
2020-06-04,30319,30041,30764,29651,,0,Increasing,30416.125
2020-06-03,30207,30096,30319,29595,,0,Increasing,30353.5
2020-06-02,30152,30430,30764,29762,,-0.01,Decreasing,30304.875
2020-06-01,30597,29874,30597,29707,,0.02,Increasing,30339.625
2020-05-29,29874,30041,30541,29651,,-0.01,Decreasing,30284
2020-05-28,30207,29929,30541,29317,,0.01,Increasing,30270
2020-05-27,29929,29707,30096,29206,,0.01,Increasing,30207.375
2020-05-26,29707,29707,29985,29206,,0,Increasing,30124
2020-05-25,29651,29707,29985,29039,,0,Decreasing,30040.5
2020-05-22,29651,29762,30207,29150,,0,Decreasing,29971
2020-05-21,29762,29595,29929,28984,,0.01,Increasing,29922.25
2020-05-20,29540,29595,29762,28928,,0,Increasing,29790.125
2020-05-19,29484,29429,29762,28984,,0,Increasing,29741.375
2020-05-18,29373,29262,29595,28705,,0,Increasing,29637.125
2020-05-15,29262,29317,29985,28984,,0,Decreasing,29553.75
2020-05-14,29262,29039,29762,28650,,0,Increasing,29498.125
2020-05-13,29206,29317,29373,28650,,0,Decreasing,29442.5
2020-05-12,29317,30096,30152,29206,,-0.02,Decreasing,29400.75
2020-05-11,30041,28872,30319,28872,,0,Increasing,29435.625
2020-05-08,29985,29540,30041,29484,,0.02,Increasing,29491.25
2020-05-07,29540,29484,29818,28761,,0,Increasing,29498.25
2020-05-06,29484,29206,29874,28650,,0,Increasing,29512.125
2020-05-05,29373,29373,30319,28928,,0,Decreasing,29526
2020-05-04,29373,29762,30597,28984,,-0.01,Decreasing,29539.875
2020-04-29,29595,29484,30152,28817,,0,Increasing,29588.5
2020-04-28,29540,29373,30041,28928,,0.01,Increasing,29616.375
2020-04-27,29373,29484,29818,28761,,0,Decreasing,29532.875
2020-04-24,29484,29206,29762,28650,,0.01,Increasing,29470.25
2020-04-23,29262,29206,29874,28650,,0,Increasing,29435.5
2020-04-22,29206,28984,29206,28483,,0,Decreasing,29400.75
2020-04-21,29206,28928,29373,28650,,0,Decreasing,29379.875
2020-04-20,29317,29317,29484,28483,,0,Decreasing,29372.875
2020-04-17,29317,28984,29484,28872,,0.02,Increasing,29338.125
2020-04-16,28872,28761,28872,28594,818.4,0,Decreasing,29254.625
2020-04-15,28872,28817,28928,28483,803.3,0,Decreasing,29192
2020-04-14,28872,28817,28872,28538,736.1,0,Decreasing,29115.5
2020-04-13,28928,28872,28984,28594,524.2,0,Decreasing,29073.75
2020-04-10,28928,28928,28928,28594,417.1,0,Decreasing,29039
2020-04-09,28928,28984,29484,28817,956.4,0,Decreasing,29004.25
2020-04-08,28928,28761,28928,28483,506,0.01,Increasing,28955.625
2020-04-07,28761,28928,28984,28260,,-0.01,Decreasing,28886.125
2020-04-06,28928,28872,28928,28594,439.9,0,Increasing,28893.125
2020-04-03,28872,28817,28872,28483,676.2,0,Increasing,28893.125
2020-04-01,28817,28872,28928,28761,831.3,0,Decreasing,28886.25
2020-03-31,28872,28705,28928,28705,814,0,Decreasing,28879.25
2020-03-30,28872,28705,28928,28427,430,0,Decreasing,28872.25
2020-03-27,28928,28928,28928,28372,,0,Increasing,28872.25
2020-03-26,28817,28650,28928,28372,406.1,-0.01,Decreasing,28858.375
2020-03-25,28984,28928,29039,28538,568.1,0,Increasing,28886.25
2020-03-24,28928,28650,29206,28594,752.9,0,Decreasing,28886.25
2020-03-23,28928,28093,28928,27481,,0.02,Increasing,28893.25
2020-03-20,28372,28372,28372,27315,,0,Decreasing,28837.625
2020-03-19,28372,28372,28372,27871,,0,Decreasing,28775.125
2020-03-18,28372,28538,28650,27815,834.7,-0.01,Decreasing,28712.625
2020-03-17,28650,28650,28705,28260,550.1,0,Decreasing,28677.875
2020-03-16,28705,29373,29373,28427,729.6,-0.03,Decreasing,28663.875
2020-03-13,29484,29039,29484,28483,642.7,0,Increasing,28726.375
2020-03-12,29373,29484,29484,28705,764.6,0,Decreasing,28782
2020-03-11,29484,29484,29540,28817,,0,Decreasing,28851.5
2020-03-10,29484,28928,29707,28928,,0,Decreasing,28990.5
2020-03-09,29484,29484,30041,28761,,-0.02,Decreasing,29129.5
2020-03-06,30041,29762,30041,29484,,0,Increasing,29338.125
2020-03-05,29985,29929,30319,29595,,0,Increasing,29505
2020-03-04,29929,29874,30263,29484,,0,Increasing,29658
2020-03-03,29874,29651,30096,29651,,0,Increasing,29706.75
2020-03-02,29818,29651,29874,29540,942,0,Increasing,29762.375
2020-02-28,29762,29651,29818,29373,,-0.01,Decreasing,29797.125
2020-02-27,29985,29929,29985,29540,568.9,0,Increasing,29859.75
2020-02-26,29929,29818,29929,29651,676.7,0,Increasing,29915.375
2020-02-25,29874,29762,29874,29484,,0,Increasing,29894.5
2020-02-24,29818,30041,30041,29595,608.6,-0.01,Decreasing,29873.625
2020-02-21,30041,30319,30319,29874,450.1,-0.01,Decreasing,29887.625
2020-02-20,30319,30152,30597,30096,771.1,0.01,Increasing,29943.25
2020-02-19,30096,30096,30096,29484,,0,Increasing,29978
2020-02-18,30041,30207,30263,29540,,-0.01,Decreasing,30012.875
2020-02-17,30207,30041,30207,29595,903.5,0,Increasing,30040.625
2020-02-14,30152,30207,30263,29651,,-0.01,Decreasing,30068.5
2020-02-13,30319,30207,30319,29707,819.5,0,Increasing,30124.125
2020-02-12,30263,30207,30374,29595,865.4,0,Increasing,30179.75
2020-02-11,30152,30152,30597,29484,760.1,0,Increasing,30193.625
2020-02-10,30096,30152,30152,29595,603.2,0,Decreasing,30165.75
2020-02-07,30096,29762,30319,29484,661.1,0.02,Increasing,30165.75
2020-02-06,29484,29762,30486,29373,,-0.02,Decreasing,30096.125
2020-02-05,30041,30597,31264,29874,952.1,-0.02,Decreasing,30075.375
2020-02-04,30597,31042,31320,30207,,-0.02,Decreasing,30131
2020-02-03,31153,30597,31320,30319,,0.02,Increasing,30235.25
2020-01-31,30652,30541,30875,30041,,0,Decreasing,30283.875
2020-01-30,30652,30875,31153,30096,743.6,-0.02,Decreasing,30346.375
2020-01-22,31153,31042,31153,30875,525.6,0,Decreasing,30478.5
2020-01-21,31153,31042,31264,30541,841.4,0,Decreasing,30610.625
2020-01-20,31153,31097,31209,30875,508.2,0,Decreasing,30819.25
2020-01-17,31153,30875,31264,30652,487.5,0,Decreasing,30958.25
2020-01-16,31153,30597,31153,30597,604.9,0.02,Increasing,31027.75
2020-01-15,30597,30597,30875,30319,381.8,-0.01,Decreasing,30958.25
2020-01-14,30819,30430,30931,30430,407.8,0.01,Increasing,30979.125
2020-01-13,30597,30819,31097,30430,615.7,-0.01,Decreasing,30972.25
2020-01-10,31042,30819,31153,30819,420.8,0,Increasing,30958.375
2020-01-09,30931,30875,30931,30041,463.1,0.03,Increasing,30930.625
2020-01-08,30041,30875,31042,29985,792.3,-0.04,Decreasing,30791.625
2020-01-07,31320,30819,31376,30819,559.1,0.01,Increasing,30812.5
2020-01-06,31042,30986,31153,30819,484.9,0,Decreasing,30798.625
2020-01-03,31153,31876,32043,31153,478.1,-0.03,Decreasing,30868.125
2020-01-02,31988,32655,32711,31487,496.9,-0.03,Decreasing,31014.25
2019-12-31,33100,32321,33100,32321,587.4,0.02,Increasing,31327.125
2019-12-30,32544,31709,32544,31709,459.7,0.01,Increasing,31514.875
2019-12-27,32210,31264,32266,31264,420.2,0.02,Increasing,31674.75
2019-12-26,31654,31209,31709,31209,467.6,0.01,Increasing,31876.375
2019-12-25,31431,30875,31431,30875,429.5,0.01,Increasing,31890.25
2019-12-24,31153,30875,31431,30875,379.8,0,Decreasing,31904.125
2019-12-23,31153,30819,31654,30819,498.2,0.01,Increasing,31904.125
2019-12-20,30986,30652,31654,30652,,0,Decreasing,31778.875
2019-12-19,30986,30652,31709,30652,727.6,0,Increasing,31514.625
2019-12-18,30931,30875,31097,30652,589.6,-0.01,Decreasing,31313
2019-12-17,31153,30875,31209,30875,486.3,0,Decreasing,31180.875
2019-12-16,31153,30374,31209,30374,774.2,0.02,Increasing,31118.25
2019-12-13,30597,30875,31153,30597,719.4,-0.02,Decreasing,31014
2019-12-12,31153,30708,31431,30708,854.2,0,Decreasing,31014
2019-12-11,31153,30597,31153,30597,477.1,0.01,Increasing,31014
2019-12-10,30708,31376,31543,30652,423.4,-0.03,Decreasing,30979.25
2019-12-09,31543,31431,31821,31431,529.9,-0.01,Decreasing,31048.875
2019-12-06,31709,31153,31821,31153,,0.01,Increasing,31146.125
2019-12-05,31431,31264,31821,31264,542.3,0,Increasing,31180.875
2019-12-04,31376,30875,31431,30875,712.6,0,Increasing,31208.75
2019-12-03,31264,30986,31264,30875,553.7,0,Increasing,31292.125
2019-12-02,31209,31153,31709,31097,403,-0.01,Decreasing,31299.125
2019-11-29,31598,31654,31709,31487,416,0,Increasing,31354.75
2019-11-28,31543,31932,31932,31376,479.6,0,Increasing,31459.125
2019-11-27,31431,31487,31932,31431,496.8,0,Decreasing,31445.125
2019-11-26,31431,31821,32154,31431,733,-0.01,Decreasing,31410.375
2019-11-25,31821,31709,32266,31654,501.7,0,Increasing,31459.125
2019-11-22,31709,31821,32154,31598,712.9,0,Decreasing,31500.75
2019-11-21,31709,32488,32544,31598,,-0.02,Decreasing,31556.375
2019-11-20,32488,32433,32544,32266,587.9,0,Increasing,31716.25
2019-11-19,32433,32377,32433,32210,482.5,0,Increasing,31820.625
2019-11-18,32377,32544,32600,32266,492.4,-0.01,Decreasing,31924.875
2019-11-15,32544,32655,32822,32321,515.8,0,Decreasing,32064
2019-11-14,32544,31821,32544,31821,611.7,0.02,Increasing,32203.125
2019-11-13,31821,32321,32321,31543,918,-0.02,Decreasing,32203.125
2019-11-12,32321,32377,32377,32099,578.9,0,Decreasing,32279.625
2019-11-11,32321,32600,32600,32099,428,0,Decreasing,32356.125
2019-11-08,32433,32321,32433,32210,533.3,0,Increasing,32349.25
2019-11-07,32321,32711,32822,32043,707.1,-0.01,Decreasing,32335.25
2019-11-06,32655,32544,32766,32488,661.6,0,Increasing,32370
2019-11-05,32544,32933,33045,32433,755,-0.01,Decreasing,32370
2019-11-04,32933,32822,33100,32766,763.9,0,Increasing,32418.625
2019-11-01,32822,33100,33100,32655,,-0.01,Decreasing,32543.75
2019-10-31,33100,32989,33100,32822,,0,Increasing,32641.125
2019-10-30,32989,32878,33378,32711,621.3,0,Increasing,32724.625
2019-10-29,32878,32933,33434,32822,754.1,0,Decreasing,32780.25
2019-10-28,32933,33656,33656,32766,821.4,-0.02,Decreasing,32856.75
2019-10-25,33656,33879,34046,33545,536.9,-0.01,Decreasing,32981.875
2019-10-24,33879,33656,33935,33601,658.6,0.01,Increasing,33148.75
2019-10-23,33656,33656,34046,33378,530.1,0,Decreasing,33239.125
2019-10-22,33656,33490,33879,33434,554.4,0,Increasing,33343.375
2019-10-21,33545,33490,33656,33323,512.2,0,Increasing,33399
2019-10-18,33434,33601,34102,33323,775.9,0,Decreasing,33454.625
2019-10-17,33545,34491,34547,33545,,-0.03,Decreasing,33538
2019-10-16,34491,34547,35159,34157,800.9,0,Decreasing,33732.75
2019-10-15,34547,34602,34602,34380,726.8,0,Increasing,33844.125
2019-10-14,34491,34435,35437,34157,,0,Increasing,33920.625
2019-10-11,34435,34102,34435,33935,627.8,0.01,Increasing,34018
2019-10-10,34102,34658,35047,33990,649.1,-0.02,Decreasing,34073.75
2019-10-09,34658,34825,34936,34435,524.3,0,Decreasing,34212.875
2019-10-08,34825,34769,34936,34491,585.6,0,Increasing,34386.75
2019-10-07,34769,35381,35492,34491,525.5,-0.02,Decreasing,34539.75
2019-10-04,35381,35047,35604,35047,642.5,0,Decreasing,34651
2019-10-03,35437,35047,35492,35047,558.4,0,Increasing,34762.25
2019-10-02,35325,35214,35604,35103,821.2,0,Decreasing,34866.5
2019-10-01,35381,35325,35604,35214,468.5,0,Decreasing,34984.75
2019-09-30,35492,35047,35659,34992,534,0.01,Increasing,35158.5
2019-09-27,35047,34769,35047,34602,433.6,0.01,Increasing,35207.125
2019-09-26,34602,34491,34769,34380,562,0,Increasing,35179.25
2019-09-25,34491,34213,34602,34046,526.9,0.01,Increasing,35144.5
2019-09-24,34213,34268,34435,33935,548.1,0,Decreasing,34998.5
2019-09-23,34268,34380,35047,34268,583.2,0,Decreasing,34852.375
2019-09-20,34268,35325,35325,34268,,-0.03,Decreasing,34720.25
2019-09-19,35159,35325,35381,34547,566.9,0,Decreasing,34692.5
2019-09-18,35325,35715,36160,35047,491.5,-0.01,Decreasing,34671.625
2019-09-17,35604,34380,36160,34157,773.8,0.04,Increasing,34741.25
2019-09-16,34380,34157,34435,34157,738.7,0,Decreasing,34713.5
2019-09-13,34380,34213,34435,33768,587,0,Increasing,34699.625
2019-09-12,34324,34380,34380,34157,512.5,0,Decreasing,34713.5
2019-09-11,34324,34380,34491,34324,634,0,Decreasing,34720.5
2019-09-10,34380,34435,34491,34046,,0.01,Increasing,34734.5
2019-09-09,34102,34547,34602,34102,638.7,-0.01,Decreasing,34602.375
2019-09-06,34547,34213,34602,33823,,0,Increasing,34505.125
2019-09-05,34491,34658,34825,34491,717.5,0,Decreasing,34366
2019-09-04,34658,34547,34769,33935,803.1,0,Increasing,34400.75
2019-09-03,34547,34658,34769,34324,872,0,Decreasing,34421.625
2019-08-30,34658,34435,35604,34435,927.1,0.01,Increasing,34463.375
2019-08-29,34435,34213,34491,33768,,0,Decreasing,34477.25
2019-08-28,34435,34324,34547,33768,,0.02,Increasing,34484.125
2019-08-27,33768,34547,34602,33768,,-0.02,Decreasing,34442.375
2019-08-26,34491,34435,34547,34046,,0,Decreasing,34435.375
2019-08-23,34491,34602,34880,34435,821.2,-0.01,Decreasing,34435.375
2019-08-22,34936,34880,35103,34658,517.2,0,Decreasing,34470.125
2019-08-21,35047,34825,35214,34769,789.6,0,Decreasing,34532.625
2019-08-20,35047,34491,36215,34380,708.2,0.01,Increasing,34581.25
2019-08-19,34547,34268,34658,34268,725.7,0,Increasing,34595.25
2019-08-16,34380,34491,34491,34213,734.9,0,Decreasing,34588.375
2019-08-15,34435,33378,34435,33100,,0.03,Increasing,34671.75
2019-08-14,33490,33267,33768,33211,951.3,0.01,Increasing,34546.625
2019-08-13,33211,33267,33378,32878,,0,Decreasing,34386.625
2019-08-12,33323,33378,33490,33211,694.1,0,Decreasing,34185
2019-08-09,33378,32655,33434,32655,,0.02,Increasing,33976.375
2019-08-08,32766,33100,33267,32600,893.1,-0.01,Decreasing,33691.25
2019-08-07,33156,32655,33211,32488,753.4,0.01,Increasing,33517.375
2019-08-06,32766,32878,33100,32154,876.7,-0.01,Decreasing,33315.625
2019-08-05,33100,33211,33490,33100,774.7,-0.01,Decreasing,33148.75
2019-08-02,33434,32933,33434,32321,,0.02,Increasing,33141.75
2019-08-01,32933,32099,33100,32099,832.6,0.03,Increasing,33107
2019-07-31,32099,32488,32989,32043,889.3,-0.01,Decreasing,32954
2019-07-30,32488,32544,32600,32321,595.9,0,Decreasing,32842.75
2019-07-29,32544,32433,32766,32154,649.4,0,Increasing,32815
2019-07-26,32433,32544,32600,32321,630.9,0,Decreasing,32724.625
2019-07-25,32544,32766,32878,32544,628.7,-0.01,Decreasing,32696.875
2019-07-24,32766,32878,32878,32433,587.3,0.01,Increasing,32655.125
2019-07-23,32433,32043,32433,31988,675.9,0.01,Increasing,32530
2019-07-22,32043,32377,32544,31988,601.3,-0.01,Decreasing,32418.75
2019-07-19,32377,32266,32655,32154,828.8,0.01,Increasing,32453.5
2019-07-18,32154,33656,33656,32154,985.1,-0.03,Decreasing,32411.75
2019-07-17,33100,33601,33601,32989,761.2,-0.01,Decreasing,32481.25
2019-07-16,33601,33490,33656,33267,,0,Increasing,32627.25
2019-07-15,33490,34046,34102,33378,758.4,-0.01,Decreasing,32745.5
2019-07-12,33935,34213,34324,33935,746.9,-0.01,Decreasing,32891.625
2019-07-11,34213,33879,34213,33823,,0.01,Increasing,33114.125
2019-07-10,33823,33490,33935,33434,,0.01,Increasing,33336.625
2019-07-09,33434,33490,33490,32822,912.4,0,Decreasing,33468.75
2019-07-08,33490,33490,33545,33267,,0,Decreasing,33635.75
2019-07-05,33545,33267,33656,32655,,0.01,Increasing,33691.375
2019-07-04,33267,32655,33378,32655,,0.02,Increasing,33649.625
2019-07-03,32655,33490,33490,32544,,-0.02,Decreasing,33545.25
2019-07-02,33490,33768,33879,33378,784.5,-0.01,Decreasing,33489.625
2019-07-01,33768,33211,34213,33211,,0.02,Increasing,33434
2019-06-28,33156,33156,33211,32544,,0,Increasing,33350.625
2019-06-27,33100,33267,33490,32822,942.9,-0.01,Decreasing,33308.875
2019-06-26,33323,32544,33378,32321,968.3,0.02,Increasing,33288
2019-06-25,32544,32210,32933,31765,765.6,0.01,Increasing,33162.875
2019-06-24,32210,31709,32266,31709,802.7,0.02,Increasing,33030.75
2019-06-21,31709,32099,32210,30986,,-0.01,Decreasing,32912.5
2019-06-20,32043,31932,32377,31821,785.9,0,Increasing,32731.625
2019-06-19,31932,31709,32043,31654,672.3,0.01,Increasing,32502.125
2019-06-18,31598,32154,32266,31543,925.5,-0.02,Decreasing,32307.375
2019-06-17,32154,32933,33100,31988,,-0.03,Decreasing,32189.125
2019-06-14,33045,32822,33100,32822,994.6,0.01,Increasing,32154.375
2019-06-13,32822,33100,33434,32711,982.8,-0.02,Decreasing,32189.125
2019-06-12,33323,33656,33823,33323,838.9,-0.01,Decreasing,32328.25
2019-06-11,33656,33768,33935,33601,,0,Decreasing,32571.625
2019-06-10,33768,33879,34213,33156,,0,Decreasing,32787.25
2019-06-07,33768,33601,34046,33545,,0.01,Increasing,33016.75
2019-06-06,33545,33378,33768,32878,,0,Decreasing,33260.125
2019-06-05,33656,33601,33879,33434,837.5,0.01,Increasing,33447.875
2019-06-04,33490,33267,33601,32822,,0,Increasing,33503.5
2019-06-03,33378,33378,33823,33211,,0,Decreasing,33573
2019-05-31,33490,33656,33823,33434,,0,Increasing,33593.875
2019-05-30,33434,32822,33601,32766,,0.02,Increasing,33566.125
2019-05-29,32878,32544,32878,32377,907,0.01,Increasing,33454.875
2019-05-28,32544,32433,32655,32210,830.6,0,Increasing,33301.875
2019-05-27,32433,32377,32600,32377,784.8,0,Increasing,33162.875
2019-05-24,32377,32377,32989,32154,755.7,0,Decreasing,33003
2019-05-23,32377,32099,32433,31932,647,0.01,Increasing,32863.875
2019-05-22,32099,32822,32933,32099,701.3,-0.02,Decreasing,32704
2019-05-21,32822,33211,33211,32822,725.5,-0.01,Decreasing,32620.5
2019-05-20,33045,32600,33211,32600,956.1,0.02,Increasing,32571.875
2019-05-17,32544,32544,32711,32544,778.2,0,Decreasing,32530.125
2019-05-16,32544,32544,32766,32544,997.2,0,Decreasing,32530.125
2019-05-15,32544,32488,32600,32321,766.1,0,Increasing,32544
2019-05-14,32433,32266,32488,32154,709.4,0,Increasing,32551
2019-05-13,32377,32488,32488,32154,759.5,0,Decreasing,32551
2019-05-10,32488,32099,32600,32099,762.6,0.01,Increasing,32599.625
2019-05-09,32099,31876,32266,31821,545.1,0.01,Increasing,32509.25
2019-05-08,31932,31598,31988,31431,685.1,0.01,Increasing,32370.125
2019-05-07,31709,32266,32544,31598,880.2,-0.02,Decreasing,32265.75
2019-05-06,32321,33045,33045,32210,760.8,-0.02,Decreasing,32237.875
2019-05-03,33100,32544,33100,32321,974.4,0.02,Increasing,32307.375
2019-05-02,32544,32933,32933,32210,663.9,-0.01,Decreasing,32321.25
2019-04-26,32878,32266,32989,32266,,0.02,Increasing,32383.875
2019-04-25,32377,32488,32544,31988,558.7,0,Decreasing,32370
2019-04-24,32488,32544,32822,32321,670.9,0.01,Increasing,32418.625
2019-04-23,32321,31932,32544,31821,793.4,0.01,Increasing,32467.25
2019-04-22,31876,31988,32099,31709,721.1,0,Increasing,32488.125
2019-04-19,31821,31431,31821,31431,588.5,0.01,Increasing,32425.625
2019-04-18,31376,31153,31654,30875,788,0,Increasing,32210.125
2019-04-17,31264,31097,31543,30986,729.7,0.01,Increasing,32050.125
2019-04-16,31097,30875,31209,30597,707.3,0,Decreasing,31827.5
2019-04-12,31153,31543,31709,31153,822.6,-0.01,Decreasing,31674.5
2019-04-11,31543,31543,31709,31487,632,0,Increasing,31556.375
2019-04-10,31487,31431,31765,31264,675.7,0,Decreasing,31452.125
2019-04-09,31487,31821,31932,31431,610.4,-0.01,Decreasing,31403.5
2019-04-08,31765,31821,31988,31709,757.2,0,Increasing,31396.5
2019-04-05,31654,31431,31821,31431,545.1,0.01,Increasing,31431.25
2019-04-04,31320,31431,31654,31320,773.6,0,Increasing,31438.25
2019-04-03,31264,30819,31598,30819,755.7,0.01,Increasing,31459.125
2019-04-02,31042,30986,31153,30764,836.2,0.01,Increasing,31445.25
2019-04-01,30875,31153,31487,30708,,-0.01,Decreasing,31361.75
2019-03-29,31042,31320,31709,30931,,-0.01,Decreasing,31306.125
2019-03-28,31264,31654,32043,31264,960.2,-0.01,Decreasing,31278.25
2019-03-27,31598,31709,31932,31487,751.2,0,Increasing,31257.375
2019-03-26,31487,31376,31765,31376,953,0,Increasing,31236.5
2019-03-25,31376,31153,31709,31153,939.6,-0.02,Decreasing,31243.5
2019-03-22,31932,31821,32210,31654,735.2,0.01,Increasing,31327
2019-03-21,31709,32266,32711,31709,887.6,-0.02,Decreasing,31410.375
2019-03-20,32433,32544,32933,32433,780.9,0,Decreasing,31605.125
2019-03-19,32488,32989,33100,32377,744,-0.01,Decreasing,31785.875
2019-03-18,32933,33490,33935,32822,770.4,-0.01,Decreasing,31994.5
2019-03-15,33323,34491,34825,33323,,-0.03,Decreasing,32210.125
2019-03-14,34435,33935,34547,33656,709.4,0.01,Increasing,32578.625
2019-03-13,34046,34769,34936,33935,645.6,-0.02,Decreasing,32912.375
2019-03-12,34769,33490,34769,33490,,0.04,Increasing,33267
2019-03-11,33434,32266,33712,32266,,0.05,Increasing,33482.625
2019-03-08,31988,31709,32655,31709,800.8,0,Increasing,33427
2019-03-07,31932,31709,32210,31709,849.5,0.01,Increasing,33357.5
2019-03-06,31709,32711,32711,31487,,-0.03,Decreasing,33204.5
2019-03-05,32711,32989,33211,32544,963.7,-0.01,Decreasing,33128
2019-03-04,33100,32933,33378,32600,899.1,0.01,Increasing,32961.125
2019-03-01,32933,31765,32933,31765,891.2,0.03,Increasing,32822
2019-02-28,31988,33378,33768,31988,,-0.04,Decreasing,32474.375
2019-02-27,33156,33045,33656,33045,,0,Increasing,32439.625
2019-02-26,33045,33656,34046,33045,797.5,-0.01,Decreasing,32571.75
2019-02-25,33267,32544,34102,32544,,0.02,Increasing,32738.625
2019-02-22,32488,32488,32878,32266,,0,Increasing,32836
2019-02-21,32433,32321,32433,32154,,0,Increasing,32801.25
2019-02-20,32321,32154,32377,32154,762.4,0,Increasing,32703.875
2019-02-19,32266,32210,32377,32154,,0,Increasing,32620.5
2019-02-18,32210,31988,32377,31988,,0.01,Increasing,32648.25
2019-02-15,31988,32210,32433,31988,920.2,-0.01,Decreasing,32502.25
2019-02-14,32210,32043,32933,31988,,0.01,Increasing,32397.875
2019-02-13,31988,31988,32154,31765,820.4,0,Decreasing,32238
2019-02-12,31988,31988,32154,31876,767,0,Decreasing,32175.5
2019-02-11,31988,31765,32210,31543,792.4,0.01,Increasing,32119.875
2019-02-01,31543,31487,31654,31042,,0,Increasing,32022.625
2019-01-31,31487,31709,31821,31320,997.2,-0.01,Decreasing,31925.25
2019-01-30,31765,31709,31876,31654,709.5,-0.01,Decreasing,31869.625
2019-01-29,31932,31765,31932,31543,913.8,0.01,Increasing,31862.625
2019-01-28,31765,31709,31821,31598,756.9,0,Increasing,31807
2019-01-25,31709,31765,31932,31153,633.4,0,Decreasing,31772.125
2019-01-24,31765,31765,31876,31543,742,0,Decreasing,31744.25
2019-01-23,31821,31654,31821,31431,814.5,0.01,Increasing,31723.375
2019-01-22,31654,31821,31876,31264,962.9,0,Decreasing,31737.25
2019-01-21,31765,31709,31932,31654,637.3,0,Increasing,31772
2019-01-18,31709,31598,31988,31598,583.6,0,Increasing,31765
2019-01-17,31598,31765,31988,31598,712.2,-0.01,Decreasing,31723.25
2019-01-16,31988,32099,32321,31598,854.7,-0.01,Decreasing,31751.125
2019-01-15,32321,31988,32488,31654,,0,Decreasing,31827.625
2019-01-14,32321,32544,32655,31654,,-0.02,Decreasing,31897.125
2019-01-11,32989,32544,33267,32544,,0,Increasing,32043.125
2019-01-10,32933,32266,33267,32266,845.2,0.01,Increasing,32203
2019-01-09,32711,32154,33378,29874,,0.02,Increasing,32321.25
2019-01-08,32099,34491,34491,32099,,-0.07,Decreasing,32370
2019-01-07,34491,34769,35047,33990,,-0.02,Decreasing,32731.625
2019-01-04,35159,34769,35325,33935,,0,Increasing,33128
2019-01-03,35047,35548,35548,34880,,-0.02,Decreasing,33468.75
2019-01-02,35882,35882,35882,34936,860.7,0,Increasing,33913.875
2018-12-28,35715,35604,35882,35548,575.6,0,Decreasing,34254.625
2018-12-27,35715,35604,35937,35548,576.4,0,Decreasing,34602.375
2018-12-26,35715,35604,36271,35159,661.1,-0.02,Decreasing,34977.875
2018-12-25,36271,35882,36438,35381,787.6,0.02,Increasing,35499.375
2018-12-24,35659,35604,35993,35214,,0.01,Increasing,35645.375
2018-12-21,35325,35604,36271,35325,,-0.02,Decreasing,35666.125
2018-12-20,36160,35325,36438,35047,542.1,0.02,Increasing,35805.25
2018-12-19,35325,35882,35882,35325,522.5,-0.02,Decreasing,35735.625
2018-12-18,36049,36716,36883,35604,801.5,-0.02,Decreasing,35777.375
2018-12-17,36883,37272,37272,36494,478.9,-0.01,Decreasing,35923.375
2018-12-14,37272,37551,37662,37106,384.7,-0.01,Decreasing,36118
2018-12-13,37495,37829,38441,37495,473.5,-0.01,Decreasing,36271
2018-12-12,37829,37829,38441,37662,444.6,0,Decreasing,36542.25
2018-12-11,37884,37829,37996,37272,414.2,0,Decreasing,36862.125
2018-12-10,37996,37829,38107,37773,450.4,0,Decreasing,37091.625
2018-12-07,38107,37940,38385,37940,529.8,0.01,Increasing,37439.375
2018-12-06,37829,37272,38608,37272,495.3,0.01,Increasing,37661.875
2018-12-05,37439,37773,37773,37272,581.7,-0.01,Decreasing,37731.375
2018-12-04,37773,38051,38107,37551,463.4,-0.01,Decreasing,37794
2018-12-03,37996,37884,38441,37884,475.8,0,Increasing,37856.625
2018-11-30,37884,38496,38608,37384,662.9,-0.02,Decreasing,37863.5
2018-11-29,38496,38496,38663,38218,400.1,0,Increasing,37940
2018-11-28,38441,38218,38663,37829,372.9,0.02,Increasing,37995.625
2018-11-27,37829,38329,38830,37718,826.5,-0.01,Decreasing,37960.875
2018-11-26,38329,37884,38385,37384,261.1,0.01,Increasing,38023.375
2018-11-23,37884,37662,38107,37384,202.9,0.01,Increasing,38079
2018-11-22,37662,37606,38385,37606,247,0,Increasing,38065.125
2018-11-21,37606,38163,38441,37606,276,-0.02,Decreasing,38016.375
2018-11-20,38496,38441,38608,37272,260.7,0,Decreasing,38092.875
2018-11-19,38608,38775,38886,38385,219.3,0,Decreasing,38106.875
2018-11-16,38775,40110,40165,38385,320.9,-0.03,Decreasing,38148.625
2018-11-15,40054,39442,40610,39386,798.2,0.02,Increasing,38426.75
2018-11-14,39442,39442,40165,39220,741.3,0,Decreasing,38565.875
2018-11-13,39442,39164,39609,38663,295.2,0,Increasing,38760.625
2018-11-12,39331,38941,39386,38163,351.6,0.01,Increasing,38969.25
2018-11-09,38997,38385,39164,38107,277.4,0.02,Increasing,39143.125
2018-11-08,38385,38552,38886,37940,977.7,0,Decreasing,39129.25
2018-11-07,38496,38775,38830,38274,319.3,-0.01,Decreasing,39115.25
2018-11-06,38830,38886,39108,38663,255.7,0,Decreasing,39122.125
2018-11-05,38886,39553,39553,38663,229.4,-0.02,Decreasing,38976.125
2018-11-02,39553,39498,39609,39220,868.2,0,Increasing,38990
2018-11-01,39498,39553,39998,38997,292,0,Decreasing,38997
2018-10-31,39553,38997,39553,38886,755.4,0.01,Increasing,39024.75
2018-10-30,39053,39442,39442,38218,499.9,-0.01,Decreasing,39031.75
2018-10-29,39609,40666,40666,38997,333.3,-0.03,Decreasing,39184.75
2018-10-26,40666,41167,41556,40054,,-0.02,Decreasing,39456
2018-10-25,41445,40499,41445,39498,,0.02,Increasing,39782.875
2018-10-24,40555,39442,40888,38997,,0.03,Increasing,39991.5
2018-10-23,39442,39498,39498,38608,816.4,0,Decreasing,39977.625
2018-10-22,39498,38941,39553,38941,547,0.01,Increasing,39977.625
2018-10-19,38941,40332,40332,38441,,-0.03,Decreasing,39901.125
2018-10-18,40110,40777,40777,39776,322.2,-0.02,Decreasing,40033.25
2018-10-17,40833,40499,40888,39498,,0.01,Increasing,40186.25
2018-10-16,40499,38830,40610,38663,,0.04,Increasing,40165.375
2018-10-15,38830,37829,39498,37050,,0.03,Increasing,39838.5
2018-10-12,37829,35492,37940,35325,,0.07,Increasing,39497.75
2018-10-11,35492,35604,36716,34936,840.9,0,Decreasing,39004
2018-10-10,35604,36215,36215,35270,,-0.01,Decreasing,38517.25
2018-10-09,36104,35214,36160,35214,745.1,0.02,Increasing,38162.625
2018-10-08,35325,35492,35604,35047,,0,Decreasing,37564.5
2018-10-05,35492,35604,35604,35103,395.9,0,Decreasing,36896.875
2018-10-04,35604,35492,35604,35159,337.3,0,Decreasing,36285
2018-10-03,35604,35604,35826,35159,445.6,0,Decreasing,35881.75
2018-10-02,35770,35604,36049,35548,410.8,-0.01,Decreasing,35624.375
2018-10-01,36049,36994,37050,35882,974.2,-0.03,Decreasing,35694
